{
    "root_group": {
        "groups": {},
        "checks": {
                "status is 200": {
                    "path": "::status is 200",
                    "id": "6210a8cd14cd70477eba5c5e4cb3fb5f",
                    "passes": 352929,
                    "fails": 0,
                    "name": "status is 200"
                },
                "content-type is json": {
                    "passes": 352929,
                    "fails": 0,
                    "name": "content-type is json",
                    "path": "::content-type is json",
                    "id": "c544ce8ea75d5205f66e0fea6489a1fb"
                },
                "workloadType is IO-BOUND": {
                    "fails": 0,
                    "name": "workloadType is IO-BOUND",
                    "path": "::workloadType is IO-BOUND",
                    "id": "2d06b45980f6a692d0e2ce7d70263fab",
                    "passes": 352929
                },
                "executionTimeMs exists": {
                    "name": "executionTimeMs exists",
                    "path": "::executionTimeMs exists",
                    "id": "80a08d6da4eb3227ebf3a5e73e014c6f",
                    "passes": 352929,
                    "fails": 0
                }
            },
        "name": "",
        "path": "",
        "id": "d41d8cd98f00b204e9800998ecf8427e"
    },
    "metrics": {
        "checks": {
            "passes": 1411716,
            "fails": 0,
            "thresholds": {
                "rate>0.95": false
            },
            "value": 1
        },
        "http_req_waiting": {
            "p(99)": 1272.4312977999998,
            "min": 50.491942,
            "avg": 748.2949929114357,
            "med": 807.384907,
            "max": 2644.844911,
            "p(90)": 966.7039492,
            "p(95)": 1117.539311
        },
        "http_req_sending": {
            "med": 0.008793,
            "max": 20.031468,
            "p(90)": 0.015832,
            "p(95)": 0.021888599999999977,
            "p(99)": 0.0840800399999977,
            "min": 0.004351,
            "avg": 0.01745263665213136
        },
        "data_received": {
            "count": 98019371,
            "rate": 272254.5293251908
        },
        "http_req_tls_handshaking": {
            "min": 0,
            "avg": 0,
            "med": 0,
            "max": 0,
            "p(90)": 0,
            "p(95)": 0,
            "p(99)": 0
        },
        "response_time_ms": {
            "max": 2645.218479,
            "p(90)": 966.8185106,
            "p(95)": 1117.6455474,
            "p(99)": 1272.54798592,
            "min": 50.538261,
            "avg": 748.4135131849265,
            "med": 807.474266
        },
        "vus_max": {
            "value": 800,
            "min": 800,
            "max": 800
        },
        "http_reqs": {
            "rate": 980.2809159039621,
            "count": 352929
        },
        "iterations": {
            "count": 352929,
            "rate": 980.2809159039621
        },
        "http_req_duration{expected_response:true}": {
            "p(90)": 966.8185106,
            "p(95)": 1117.6455474,
            "p(99)": 1272.54798592,
            "min": 50.538261,
            "avg": 748.4135131849265,
            "med": 807.474266,
            "max": 2645.218479
        },
        "successful_requests": {
            "count": 352929,
            "rate": 980.2809159039621
        },
        "http_req_duration": {
            "p(99)": 1272.54798592,
            "min": 50.538261,
            "avg": 748.4135131849265,
            "med": 807.474266,
            "max": 2645.218479,
            "p(90)": 966.8185106,
            "p(95)": 1117.6455474,
            "thresholds": {
                "p(95)<5000": false,
                "p(99)<10000": false
            }
        },
        "http_req_receiving": {
            "avg": 0.1010676368504698,
            "med": 0.042544,
            "max": 19.631355,
            "p(90)": 0.258185,
            "p(95)": 0.3442027999999999,
            "p(99)": 0.6855878399999938,
            "min": 0.012337
        },
        "data_sent": {
            "count": 27881391,
            "rate": 77442.19235641301
        },
        "http_req_connecting": {
            "p(95)": 0,
            "p(99)": 0.2615147599999984,
            "min": 0,
            "avg": 0.005477968951262153,
            "med": 0,
            "max": 13.448942,
            "p(90)": 0
        },
        "http_req_failed": {
            "passes": 0,
            "fails": 352929,
            "thresholds": {
                "rate<0.05": false
            },
            "value": 0
        },
        "http_req_blocked": {
            "min": 0.001331,
            "avg": 0.009470489095540484,
            "med": 0.002782,
            "max": 14.16564,
            "p(90)": 0.003913,
            "p(95)": 0.004896,
            "p(99)": 0.30948219999999693
        },
        "iteration_duration": {
            "max": 2645.334488,
            "p(90)": 966.9829668,
            "p(95)": 1117.8065436,
            "p(99)": 1272.7135222,
            "min": 50.656351,
            "avg": 748.5788978988269,
            "med": 807.625205
        },
        "vus": {
            "max": 800,
            "value": 9,
            "min": 9
        }
    }
}