{
    "metrics": {
        "http_req_tls_handshaking": {
            "med": 0,
            "max": 0,
            "p(90)": 0,
            "p(95)": 0,
            "p(99)": 0,
            "min": 0,
            "avg": 0
        },
        "http_req_receiving": {
            "p(90)": 0.257271,
            "p(95)": 0.278484,
            "p(99)": 11.713769600000026,
            "min": 0.019877,
            "avg": 0.36258889370998837,
            "med": 0.083939,
            "max": 50.196747
        },
        "response_time_ms": {
            "p(99)": 634.2076068,
            "min": 46.329722,
            "avg": 428.3206644230265,
            "med": 463.761102,
            "max": 744.423811,
            "p(90)": 558.410668,
            "p(95)": 583.224055
        },
        "http_req_failed": {
            "passes": 0,
            "fails": 9841,
            "thresholds": {
                "rate<0.05": false
            },
            "value": 0
        },
        "http_reqs": {
            "count": 9841,
            "rate": 40.99818882666584
        },
        "http_req_sending": {
            "p(99)": 0.03662080000000011,
            "min": 0.00585,
            "avg": 0.015009519357788862,
            "med": 0.014484,
            "max": 0.395388,
            "p(90)": 0.017548,
            "p(95)": 0.018996
        },
        "vus_max": {
            "value": 20,
            "min": 20,
            "max": 20
        },
        "http_req_blocked": {
            "p(99)": 0.31542860000000017,
            "min": 0.001747,
            "avg": 0.007149876638553013,
            "med": 0.00302,
            "max": 0.565045,
            "p(90)": 0.004132,
            "p(95)": 0.004723
        },
        "http_req_duration{expected_response:true}": {
            "min": 46.329722,
            "avg": 428.3206644230265,
            "med": 463.761102,
            "max": 744.423811,
            "p(90)": 558.410668,
            "p(95)": 583.224055,
            "p(99)": 634.2076068
        },
        "iterations": {
            "count": 9841,
            "rate": 40.99818882666584
        },
        "vus": {
            "value": 1,
            "min": 1,
            "max": 20
        },
        "http_req_duration": {
            "min": 46.329722,
            "avg": 428.3206644230265,
            "med": 463.761102,
            "max": 744.423811,
            "p(90)": 558.410668,
            "p(95)": 583.224055,
            "p(99)": 634.2076068,
            "thresholds": {
                "p(95)<5000": false,
                "p(99)<10000": false
            }
        },
        "data_sent": {
            "count": 787280,
            "rate": 3279.855106133267
        },
        "iteration_duration": {
            "p(99)": 634.4077272000001,
            "min": 46.478362,
            "avg": 428.4875621029369,
            "med": 463.913613,
            "max": 744.614286,
            "p(90)": 558.581251,
            "p(95)": 583.387144
        },
        "http_req_waiting": {
            "med": 463.233886,
            "max": 744.346438,
            "p(90)": 557.882933,
            "p(95)": 582.75222,
            "p(99)": 633.5309984000002,
            "min": 46.197394,
            "avg": 427.9430660099584
        },
        "checks": {
            "passes": 39364,
            "fails": 0,
            "thresholds": {
                "rate>0.95": false
            },
            "value": 1
        },
        "http_req_connecting": {
            "avg": 0.0033151160451173655,
            "med": 0,
            "max": 0.496913,
            "p(90)": 0,
            "p(95)": 0,
            "p(99)": 0.2585394000000018,
            "min": 0
        },
        "successful_requests": {
            "count": 9841,
            "rate": 40.99818882666584
        },
        "data_received": {
            "count": 2794955,
            "rate": 11643.948059346998
        }
    },
    "root_group": {
        "id": "d41d8cd98f00b204e9800998ecf8427e",
        "groups": {},
        "checks": {
                "status is 200": {
                    "path": "::status is 200",
                    "id": "6210a8cd14cd70477eba5c5e4cb3fb5f",
                    "passes": 9841,
                    "fails": 0,
                    "name": "status is 200"
                },
                "content-type is json": {
                    "name": "content-type is json",
                    "path": "::content-type is json",
                    "id": "c544ce8ea75d5205f66e0fea6489a1fb",
                    "passes": 9841,
                    "fails": 0
                },
                "workloadType is CPU-BOUND": {
                    "id": "1adc3dbd34c164fc9242debc74fecbd5",
                    "passes": 9841,
                    "fails": 0,
                    "name": "workloadType is CPU-BOUND",
                    "path": "::workloadType is CPU-BOUND"
                },
                "executionTimeMs exists": {
                    "name": "executionTimeMs exists",
                    "path": "::executionTimeMs exists",
                    "id": "80a08d6da4eb3227ebf3a5e73e014c6f",
                    "passes": 9841,
                    "fails": 0
                }
            },
        "name": "",
        "path": ""
    }
}