{
    "metrics": {
        "http_req_waiting": {
            "p(99)": 317.72433990999997,
            "min": 46.186591,
            "avg": 215.6993630064359,
            "med": 231.884799,
            "max": 365.082879,
            "p(90)": 283.2224873,
            "p(95)": 296.0920622
        },
        "http_req_duration": {
            "max": 365.189921,
            "p(90)": 283.4796892,
            "p(95)": 296.2771744,
            "p(99)": 318.02571591,
            "min": 46.398572,
            "avg": 215.95434666121795,
            "med": 232.1226185,
            "thresholds": {
                "p(95)<5000": false,
                "p(99)<10000": false
            }
        },
        "iteration_duration": {
            "med": 232.30681099999998,
            "max": 365.368948,
            "p(90)": 283.6401298,
            "p(95)": 296.45588669999995,
            "p(99)": 318.20092594,
            "min": 46.575518,
            "avg": 216.13900579903978
        },
        "iterations": {
            "rate": 40.78123592225463,
            "count": 9788
        },
        "vus_max": {
            "value": 10,
            "min": 10,
            "max": 10
        },
        "http_req_blocked": {
            "p(95)": 0.005285649999999999,
            "p(99)": 0.33102500999999995,
            "min": 0.00182,
            "avg": 0.007776288516550892,
            "med": 0.0032505,
            "max": 1.644491,
            "p(90)": 0.004658
        },
        "http_req_tls_handshaking": {
            "min": 0,
            "avg": 0,
            "med": 0,
            "max": 0,
            "p(90)": 0,
            "p(95)": 0,
            "p(99)": 0
        },
        "http_req_sending": {
            "med": 0.015629,
            "max": 0.56336,
            "p(90)": 0.018228300000000003,
            "p(95)": 0.019679449999999994,
            "p(99)": 0.04255141999999982,
            "min": 0.006038,
            "avg": 0.016905571618308107
        },
        "http_req_connecting": {
            "p(95)": 0,
            "p(99)": 0.26831560999999865,
            "min": 0,
            "avg": 0.003478826726604005,
            "med": 0,
            "max": 1.417539,
            "p(90)": 0
        },
        "data_received": {
            "count": 2799068,
            "rate": 11662.183538050002
        },
        "vus": {
            "value": 1,
            "min": 1,
            "max": 10
        },
        "checks": {
            "fails": 0,
            "passes": 39152,
            "thresholds": {
                "rate>0.95": false
            },
            "value": 1
        },
        "http_req_failed": {
            "fails": 9788,
            "passes": 0,
            "thresholds": {
                "rate<0.05": false
            },
            "value": 0
        },
        "data_sent": {
            "count": 783040,
            "rate": 3262.4988737803706
        },
        "http_reqs": {
            "count": 9788,
            "rate": 40.78123592225463
        },
        "http_req_duration{expected_response:true}": {
            "min": 46.398572,
            "avg": 215.95434666121795,
            "med": 232.1226185,
            "max": 365.189921,
            "p(90)": 283.4796892,
            "p(95)": 296.2771744,
            "p(99)": 318.02571591
        },
        "http_req_receiving": {
            "min": 0.021851,
            "avg": 0.2380780831630573,
            "med": 0.0927775,
            "max": 12.190613,
            "p(90)": 0.27012290000000005,
            "p(95)": 0.28267225,
            "p(99)": 6.0876920399999985
        },
        "response_time_ms": {
            "min": 46.398572,
            "avg": 215.95434666121795,
            "med": 232.1226185,
            "max": 365.189921,
            "p(90)": 283.4796892,
            "p(95)": 296.2771744,
            "p(99)": 318.02571591
        },
        "successful_requests": {
            "count": 9788,
            "rate": 40.78123592225463
        }
    },
    "root_group": {
        "name": "",
        "path": "",
        "id": "d41d8cd98f00b204e9800998ecf8427e",
        "groups": {},
        "checks": {
                "status is 200": {
                    "name": "status is 200",
                    "path": "::status is 200",
                    "id": "6210a8cd14cd70477eba5c5e4cb3fb5f",
                    "passes": 9788,
                    "fails": 0
                },
                "content-type is json": {
                    "id": "c544ce8ea75d5205f66e0fea6489a1fb",
                    "passes": 9788,
                    "fails": 0,
                    "name": "content-type is json",
                    "path": "::content-type is json"
                },
                "workloadType is CPU-BOUND": {
                    "path": "::workloadType is CPU-BOUND",
                    "id": "1adc3dbd34c164fc9242debc74fecbd5",
                    "passes": 9788,
                    "fails": 0,
                    "name": "workloadType is CPU-BOUND"
                },
                "executionTimeMs exists": {
                    "name": "executionTimeMs exists",
                    "path": "::executionTimeMs exists",
                    "id": "80a08d6da4eb3227ebf3a5e73e014c6f",
                    "passes": 9788,
                    "fails": 0
                }
            }
    }
}