{
    "metrics": {
        "data_received": {
            "count": 97277139,
            "rate": 270187.3977168404
        },
        "response_time_ms": {
            "avg": 376.7510521778723,
            "med": 403.81241850000004,
            "max": 2695.549763,
            "p(90)": 560.8580945,
            "p(95)": 712.19481825,
            "p(99)": 1009.964441,
            "min": 50.571214
        },
        "http_req_failed": {
            "fails": 350376,
            "passes": 0,
            "thresholds": {
                "rate<0.05": false
            },
            "value": 0
        },
        "iteration_duration": {
            "avg": 376.91653144339324,
            "med": 403.964494,
            "max": 2695.670354,
            "p(90)": 561.07259,
            "p(95)": 712.36133275,
            "p(99)": 1010.10220025,
            "min": 50.688053
        },
        "http_req_connecting": {
            "max": 18.954375,
            "p(90)": 0,
            "p(95)": 0,
            "p(99)": 0.25337275,
            "min": 0,
            "avg": 0.005569059056556384,
            "med": 0
        },
        "http_req_blocked": {
            "min": 0.001305,
            "avg": 0.009352352404274325,
            "med": 0.002724,
            "max": 19.248155,
            "p(90)": 0.003768,
            "p(95)": 0.004784,
            "p(99)": 0.29864325
        },
        "vus_max": {
            "min": 400,
            "max": 400,
            "value": 400
        },
        "http_req_waiting": {
            "max": 2695.50967,
            "p(90)": 560.7157915,
            "p(95)": 712.0873907499999,
            "p(99)": 1009.4463475,
            "min": 50.498432,
            "avg": 376.6251811691236,
            "med": 403.713718
        },
        "http_req_duration": {
            "min": 50.571214,
            "avg": 376.7510521778723,
            "med": 403.81241850000004,
            "max": 2695.549763,
            "p(90)": 560.8580945,
            "p(95)": 712.19481825,
            "p(99)": 1009.964441,
            "thresholds": {
                "p(95)<5000": false,
                "p(99)<10000": false
            }
        },
        "http_reqs": {
            "count": 350376,
            "rate": 973.1698591838281
        },
        "http_req_sending": {
            "min": 0.004217,
            "avg": 0.017119408518277816,
            "med": 0.008487,
            "max": 17.272389,
            "p(90)": 0.0160205,
            "p(95)": 0.022856,
            "p(99)": 0.18036750000000001
        },
        "iterations": {
            "count": 350376,
            "rate": 973.1698591838281
        },
        "http_req_duration{expected_response:true}": {
            "min": 50.571214,
            "avg": 376.7510521778723,
            "med": 403.81241850000004,
            "max": 2695.549763,
            "p(90)": 560.8580945,
            "p(95)": 712.19481825,
            "p(99)": 1009.964441
        },
        "http_req_receiving": {
            "p(90)": 0.274222,
            "p(95)": 0.38562,
            "p(99)": 0.7608297500000001,
            "min": 0.011149,
            "avg": 0.10875160023803085,
            "med": 0.039036,
            "max": 20.54013
        },
        "vus": {
            "value": 3,
            "min": 3,
            "max": 400
        },
        "http_req_tls_handshaking": {
            "p(90)": 0,
            "p(95)": 0,
            "p(99)": 0,
            "min": 0,
            "avg": 0,
            "med": 0,
            "max": 0
        },
        "successful_requests": {
            "count": 350376,
            "rate": 973.1698591838281
        },
        "checks": {
            "passes": 1401504,
            "fails": 0,
            "thresholds": {
                "rate>0.95": false
            },
            "value": 1
        },
        "data_sent": {
            "count": 27679704,
            "rate": 76880.41887552242
        }
    },
    "root_group": {
        "name": "",
        "path": "",
        "id": "d41d8cd98f00b204e9800998ecf8427e",
        "groups": {},
        "checks": {
                "status is 200": {
                    "path": "::status is 200",
                    "id": "6210a8cd14cd70477eba5c5e4cb3fb5f",
                    "passes": 350376,
                    "fails": 0,
                    "name": "status is 200"
                },
                "content-type is json": {
                    "passes": 350376,
                    "fails": 0,
                    "name": "content-type is json",
                    "path": "::content-type is json",
                    "id": "c544ce8ea75d5205f66e0fea6489a1fb"
                },
                "workloadType is IO-BOUND": {
                    "id": "2d06b45980f6a692d0e2ce7d70263fab",
                    "passes": 350376,
                    "fails": 0,
                    "name": "workloadType is IO-BOUND",
                    "path": "::workloadType is IO-BOUND"
                },
                "executionTimeMs exists": {
                    "id": "80a08d6da4eb3227ebf3a5e73e014c6f",
                    "passes": 350376,
                    "fails": 0,
                    "name": "executionTimeMs exists",
                    "path": "::executionTimeMs exists"
                }
            }
    }
}