{
    "metrics": {
        "http_req_connecting": {
            "min": 0,
            "avg": 0.004561686121958804,
            "med": 0,
            "max": 11.72041,
            "p(90)": 0,
            "p(95)": 0,
            "p(99)": 0.24184317000000097
        },
        "successful_requests": {
            "count": 231488,
            "rate": 964.4986818695647
        },
        "iterations": {
            "count": 231488,
            "rate": 964.4986818695647
        },
        "vus_max": {
            "value": 250,
            "min": 250,
            "max": 250
        },
        "http_req_blocked": {
            "p(90)": 0.00362,
            "p(95)": 0.004498,
            "p(99)": 0.2848932400000002,
            "min": 0.001318,
            "avg": 0.00814908199561053,
            "med": 0.002729,
            "max": 12.261928
        },
        "iteration_duration": {
            "p(95)": 405.72906374999997,
            "p(99)": 558.95702238,
            "min": 50.672204,
            "avg": 226.93231708036768,
            "med": 252.2051075,
            "max": 1630.134875,
            "p(90)": 404.0521377
        },
        "vus": {
            "min": 2,
            "max": 250,
            "value": 2
        },
        "data_sent": {
            "rate": 76195.39586769561,
            "count": 18287552
        },
        "checks": {
            "passes": 925952,
            "fails": 0,
            "thresholds": {
                "rate>0.95": false
            },
            "value": 1
        },
        "http_req_duration{expected_response:true}": {
            "p(95)": 405.57288215,
            "p(99)": 558.79368786,
            "min": 50.543768,
            "avg": 226.77682270791104,
            "med": 252.05879249999998,
            "max": 1629.997872,
            "p(90)": 403.9039531
        },
        "http_req_failed": {
            "passes": 0,
            "fails": 231488,
            "thresholds": {
                "rate<0.05": false
            },
            "value": 0
        },
        "http_req_waiting": {
            "min": 50.496453,
            "avg": 226.675011009045,
            "med": 251.973651,
            "max": 1629.94612,
            "p(90)": 403.8156875,
            "p(95)": 405.4700595,
            "p(99)": 558.69038617
        },
        "data_received": {
            "count": 64312804,
            "rate": 267960.3896760768
        },
        "http_reqs": {
            "count": 231488,
            "rate": 964.4986818695647
        },
        "http_req_receiving": {
            "p(99)": 0.4771214900000003,
            "min": 0.011959,
            "avg": 0.08592592038896121,
            "med": 0.046443,
            "max": 16.339772,
            "p(90)": 0.206942,
            "p(95)": 0.275426
        },
        "response_time_ms": {
            "avg": 226.776822707911,
            "med": 252.05879249999998,
            "max": 1629.997872,
            "p(90)": 403.9039531,
            "p(95)": 405.57288215,
            "p(99)": 558.79368786,
            "min": 50.543768
        },
        "http_req_tls_handshaking": {
            "min": 0,
            "avg": 0,
            "med": 0,
            "max": 0,
            "p(90)": 0,
            "p(95)": 0,
            "p(99)": 0
        },
        "http_req_duration": {
            "p(99)": 558.79368786,
            "min": 50.543768,
            "avg": 226.77682270791104,
            "med": 252.05879249999998,
            "max": 1629.997872,
            "p(90)": 403.9039531,
            "p(95)": 405.57288215,
            "thresholds": {
                "p(95)<5000": false,
                "p(99)<10000": false
            }
        },
        "http_req_sending": {
            "min": 0.004485,
            "avg": 0.015885778480958176,
            "med": 0.0086075,
            "max": 18.045504,
            "p(90)": 0.015474300000000017,
            "p(95)": 0.022138,
            "p(99)": 0.17953813000000002
        }
    },
    "root_group": {
        "checks": {
            "status is 200": {
                "name": "status is 200",
                "path": "::status is 200",
                "id": "6210a8cd14cd70477eba5c5e4cb3fb5f",
                "passes": 231488,
                "fails": 0
            },
            "content-type is json": {
                "name": "content-type is json",
                "path": "::content-type is json",
                "id": "c544ce8ea75d5205f66e0fea6489a1fb",
                "passes": 231488,
                "fails": 0
            },
            "workloadType is IO-BOUND": {
                "name": "workloadType is IO-BOUND",
                "path": "::workloadType is IO-BOUND",
                "id": "2d06b45980f6a692d0e2ce7d70263fab",
                "passes": 231488,
                "fails": 0
            },
            "executionTimeMs exists": {
                "name": "executionTimeMs exists",
                "path": "::executionTimeMs exists",
                "id": "80a08d6da4eb3227ebf3a5e73e014c6f",
                "passes": 231488,
                "fails": 0
            }
        },
        "name": "",
        "path": "",
        "id": "d41d8cd98f00b204e9800998ecf8427e",
        "groups": {}
    }
}