{
    "root_group": {
        "id": "d41d8cd98f00b204e9800998ecf8427e",
        "groups": {},
        "checks": {
                "status is 200": {
                    "name": "status is 200",
                    "path": "::status is 200",
                    "id": "6210a8cd14cd70477eba5c5e4cb3fb5f",
                    "passes": 9852,
                    "fails": 0
                },
                "content-type is json": {
                    "passes": 9852,
                    "fails": 0,
                    "name": "content-type is json",
                    "path": "::content-type is json",
                    "id": "c544ce8ea75d5205f66e0fea6489a1fb"
                },
                "workloadType is CPU-BOUND": {
                    "fails": 0,
                    "name": "workloadType is CPU-BOUND",
                    "path": "::workloadType is CPU-BOUND",
                    "id": "1adc3dbd34c164fc9242debc74fecbd5",
                    "passes": 9852
                },
                "executionTimeMs exists": {
                    "name": "executionTimeMs exists",
                    "path": "::executionTimeMs exists",
                    "id": "80a08d6da4eb3227ebf3a5e73e014c6f",
                    "passes": 9852,
                    "fails": 0
                }
            },
        "name": "",
        "path": ""
    },
    "metrics": {
        "http_req_failed": {
            "passes": 0,
            "fails": 9852,
            "thresholds": {
                "rate<0.05": false
            },
            "value": 0
        },
        "http_req_receiving": {
            "p(90)": 0.15516599999999992,
            "p(95)": 0.27672659999999993,
            "p(99)": 21.163967729999996,
            "min": 0.017041,
            "avg": 0.7343585176613882,
            "med": 0.080454,
            "max": 135.292802
        },
        "vus_max": {
            "value": 40,
            "min": 40,
            "max": 40
        },
        "http_req_duration": {
            "avg": 855.1793138138453,
            "med": 911.6613355,
            "max": 1733.4593,
            "p(90)": 1181.7794202,
            "p(95)": 1256.0675860999997,
            "p(99)": 1400.2712202999999,
            "min": 46.316817,
            "thresholds": {
                "p(95)<5000": false,
                "p(99)<10000": false
            }
        },
        "iteration_duration": {
            "med": 911.8183945000001,
            "max": 1733.644816,
            "p(90)": 1181.9503324,
            "p(95)": 1256.2272720999997,
            "p(99)": 1400.4349303999998,
            "min": 46.506019,
            "avg": 855.3525702363976
        },
        "http_req_blocked": {
            "p(90)": 0.0043749,
            "p(95)": 0.004963449999999999,
            "p(99)": 0.3380690099999995,
            "min": 0.001792,
            "avg": 0.007971928745432417,
            "med": 0.003103,
            "max": 2.005763
        },
        "successful_requests": {
            "count": 9852,
            "rate": 41.04646682565927
        },
        "iterations": {
            "count": 9852,
            "rate": 41.04646682565927
        },
        "http_req_waiting": {
            "p(95)": 1253.9683404499997,
            "p(99)": 1400.1800124799997,
            "min": 46.217813,
            "avg": 854.4299255201986,
            "med": 911.1492795,
            "max": 1733.358219,
            "p(90)": 1181.3984766
        },
        "data_sent": {
            "count": 788160,
            "rate": 3283.717346052742
        },
        "data_received": {
            "count": 2804071,
            "rate": 11682.623556465005
        },
        "http_req_duration{expected_response:true}": {
            "p(90)": 1181.7794202,
            "p(95)": 1256.0675860999997,
            "p(99)": 1400.2712202999999,
            "min": 46.316817,
            "avg": 855.1793138138453,
            "med": 911.6613355,
            "max": 1733.4593
        },
        "checks": {
            "passes": 39408,
            "fails": 0,
            "thresholds": {
                "rate>0.95": false
            },
            "value": 1
        },
        "http_reqs": {
            "rate": 41.04646682565927,
            "count": 9852
        },
        "response_time_ms": {
            "min": 46.316817,
            "avg": 855.1793138138453,
            "med": 911.6613355,
            "max": 1733.4593,
            "p(90)": 1181.7794202,
            "p(95)": 1256.0675860999997,
            "p(99)": 1400.2712202999999
        },
        "http_req_connecting": {
            "min": 0,
            "avg": 0.0039260663824604155,
            "med": 0,
            "max": 1.805313,
            "p(90)": 0,
            "p(95)": 0,
            "p(99)": 0.2786184499999997
        },
        "http_req_tls_handshaking": {
            "min": 0,
            "avg": 0,
            "med": 0,
            "max": 0,
            "p(90)": 0,
            "p(95)": 0,
            "p(99)": 0
        },
        "http_req_sending": {
            "avg": 0.015029775984571636,
            "med": 0.014583,
            "max": 0.427164,
            "p(90)": 0.017656,
            "p(95)": 0.01930504999999999,
            "p(99)": 0.040884819999999975,
            "min": 0.005823
        },
        "vus": {
            "value": 1,
            "min": 1,
            "max": 40
        }
    }
}