{
    "metrics": {
        "http_req_duration": {
            "avg": 215.65577818414647,
            "med": 232.400991,
            "max": 362.697163,
            "p(90)": 284.3566995,
            "p(95)": 295.8510216,
            "p(99)": 317.69057368,
            "min": 46.258952,
            "thresholds": {
                "p(95)<5000": false,
                "p(99)<10000": false
            }
        },
        "http_req_connecting": {
            "min": 0,
            "avg": 0.0031525767190369296,
            "med": 0,
            "max": 0.616339,
            "p(90)": 0,
            "p(95)": 0,
            "p(99)": 0.2530824299999999
        },
        "http_req_receiving": {
            "p(95)": 0.27468289999999995,
            "p(99)": 6.048311269999998,
            "min": 0.021723,
            "avg": 0.2047228617629055,
            "med": 0.08346,
            "max": 14.382238,
            "p(90)": 0.15302339999999998
        },
        "data_sent": {
            "count": 784160,
            "rate": 3267.184178588792
        },
        "successful_requests": {
            "count": 9802,
            "rate": 40.8398022323599
        },
        "http_req_blocked": {
            "min": 0.001795,
            "avg": 0.007064243521730273,
            "med": 0.003011,
            "max": 1.008589,
            "p(90)": 0.004152,
            "p(95)": 0.004766849999999997,
            "p(99)": 0.3118105199999999
        },
        "http_req_duration{expected_response:true}": {
            "min": 46.258952,
            "avg": 215.65577818414647,
            "med": 232.400991,
            "max": 362.697163,
            "p(90)": 284.3566995,
            "p(95)": 295.8510216,
            "p(99)": 317.69057368
        },
        "http_req_sending": {
            "min": 0.005534,
            "avg": 0.014722860436645533,
            "med": 0.014007,
            "max": 0.526356,
            "p(90)": 0.0168526,
            "p(95)": 0.018181449999999988,
            "p(99)": 0.03861447999999986
        },
        "checks": {
            "passes": 39208,
            "fails": 0,
            "thresholds": {
                "rate>0.95": false
            },
            "value": 1
        },
        "iteration_duration": {
            "p(90)": 284.5172052,
            "p(95)": 296.0086101,
            "p(99)": 317.88581418999996,
            "min": 46.4046,
            "avg": 215.82058525678494,
            "med": 232.5621765,
            "max": 362.845769
        },
        "http_req_tls_handshaking": {
            "avg": 0,
            "med": 0,
            "max": 0,
            "p(90)": 0,
            "p(95)": 0,
            "p(99)": 0,
            "min": 0
        },
        "http_reqs": {
            "count": 9802,
            "rate": 40.8398022323599
        },
        "response_time_ms": {
            "min": 46.258952,
            "avg": 215.65577818414647,
            "med": 232.400991,
            "max": 362.697163,
            "p(90)": 284.3566995,
            "p(95)": 295.8510216,
            "p(99)": 317.69057368
        },
        "http_req_waiting": {
            "p(90)": 284.0949099,
            "p(95)": 295.7445332,
            "p(99)": 317.08509777,
            "min": 46.166691,
            "avg": 215.43633246194636,
            "med": 232.134563,
            "max": 362.587805
        },
        "vus_max": {
            "value": 10,
            "min": 10,
            "max": 10
        },
        "http_req_failed": {
            "fails": 9802,
            "passes": 0,
            "thresholds": {
                "rate<0.05": false
            },
            "value": 0
        },
        "data_received": {
            "count": 2783503,
            "rate": 11597.399717729084
        },
        "iterations": {
            "count": 9802,
            "rate": 40.8398022323599
        },
        "vus": {
            "value": 1,
            "min": 1,
            "max": 10
        }
    },
    "root_group": {
        "name": "",
        "path": "",
        "id": "d41d8cd98f00b204e9800998ecf8427e",
        "groups": {},
        "checks": {
                "status is 200": {
                    "path": "::status is 200",
                    "id": "6210a8cd14cd70477eba5c5e4cb3fb5f",
                    "passes": 9802,
                    "fails": 0,
                    "name": "status is 200"
                },
                "content-type is json": {
                    "name": "content-type is json",
                    "path": "::content-type is json",
                    "id": "c544ce8ea75d5205f66e0fea6489a1fb",
                    "passes": 9802,
                    "fails": 0
                },
                "workloadType is CPU-BOUND": {
                    "path": "::workloadType is CPU-BOUND",
                    "id": "1adc3dbd34c164fc9242debc74fecbd5",
                    "passes": 9802,
                    "fails": 0,
                    "name": "workloadType is CPU-BOUND"
                },
                "executionTimeMs exists": {
                    "name": "executionTimeMs exists",
                    "path": "::executionTimeMs exists",
                    "id": "80a08d6da4eb3227ebf3a5e73e014c6f",
                    "passes": 9802,
                    "fails": 0
                }
            }
    }
}