{
    "metrics": {
        "successful_requests": {
            "count": 9824,
            "rate": 40.9328342447431
        },
        "http_req_failed": {
            "passes": 0,
            "fails": 9824,
            "thresholds": {
                "rate<0.05": false
            },
            "value": 0
        },
        "http_req_sending": {
            "p(95)": 0.01880555,
            "p(99)": 0.03672721000000012,
            "min": 0.005485,
            "avg": 0.014409025855048805,
            "med": 0.0142665,
            "max": 0.42572,
            "p(90)": 0.017306400000000003
        },
        "response_time_ms": {
            "avg": 1071.7465467307622,
            "med": 1143.43781,
            "max": 2231.887192,
            "p(90)": 1500.1506991,
            "p(95)": 1590.54438065,
            "p(99)": 1777.4649345,
            "min": 46.429214
        },
        "iterations": {
            "count": 9824,
            "rate": 40.9328342447431
        },
        "data_sent": {
            "count": 785920,
            "rate": 3274.626739579448
        },
        "checks": {
            "fails": 0,
            "passes": 39296,
            "thresholds": {
                "rate>0.95": false
            },
            "value": 1
        },
        "http_req_tls_handshaking": {
            "p(90)": 0,
            "p(95)": 0,
            "p(99)": 0,
            "min": 0,
            "avg": 0,
            "med": 0,
            "max": 0
        },
        "http_req_receiving": {
            "avg": 0.9712999723127018,
            "med": 0.090063,
            "max": 199.394088,
            "p(90)": 0.2659966,
            "p(95)": 0.2833198000000001,
            "p(99)": 28.174423110000003,
            "min": 0.019589
        },
        "http_req_duration": {
            "p(95)": 1590.54438065,
            "p(99)": 1777.4649345,
            "min": 46.429214,
            "avg": 1071.7465467307622,
            "med": 1143.43781,
            "max": 2231.887192,
            "p(90)": 1500.1506991,
            "thresholds": {
                "p(99)<10000": false,
                "p(95)<5000": false
            }
        },
        "http_reqs": {
            "count": 9824,
            "rate": 40.9328342447431
        },
        "http_req_waiting": {
            "p(90)": 1499.0545588000004,
            "p(95)": 1587.13855165,
            "p(99)": 1773.0709620200005,
            "min": 46.257153,
            "avg": 1070.7608377325914,
            "med": 1142.3820515,
            "max": 2231.766319
        },
        "vus_max": {
            "value": 50,
            "min": 50,
            "max": 50
        },
        "data_received": {
            "count": 2804240,
            "rate": 11684.190869551952
        },
        "iteration_duration": {
            "med": 1143.5988830000001,
            "max": 2232.079159,
            "p(90)": 1500.2901580999999,
            "p(95)": 1590.6960541000003,
            "p(99)": 1777.63591412,
            "min": 46.588354,
            "avg": 1071.9122711490306
        },
        "http_req_duration{expected_response:true}": {
            "med": 1143.43781,
            "max": 2231.887192,
            "p(90)": 1500.1506991,
            "p(95)": 1590.54438065,
            "p(99)": 1777.4649345,
            "min": 46.429214,
            "avg": 1071.7465467307622
        },
        "vus": {
            "value": 1,
            "min": 1,
            "max": 50
        },
        "http_req_blocked": {
            "p(99)": 0.3320247400000002,
            "min": 0.001742,
            "avg": 0.007664242976384399,
            "med": 0.003029,
            "max": 0.513867,
            "p(90)": 0.004157,
            "p(95)": 0.004771250000000002
        },
        "http_req_connecting": {
            "min": 0,
            "avg": 0.0038734181596091193,
            "med": 0,
            "max": 0.461859,
            "p(90)": 0,
            "p(95)": 0,
            "p(99)": 0.2840054000000014
        }
    },
    "root_group": {
        "groups": {},
        "checks": {
                "status is 200": {
                    "path": "::status is 200",
                    "id": "6210a8cd14cd70477eba5c5e4cb3fb5f",
                    "passes": 9824,
                    "fails": 0,
                    "name": "status is 200"
                },
                "content-type is json": {
                    "name": "content-type is json",
                    "path": "::content-type is json",
                    "id": "c544ce8ea75d5205f66e0fea6489a1fb",
                    "passes": 9824,
                    "fails": 0
                },
                "workloadType is CPU-BOUND": {
                    "passes": 9824,
                    "fails": 0,
                    "name": "workloadType is CPU-BOUND",
                    "path": "::workloadType is CPU-BOUND",
                    "id": "1adc3dbd34c164fc9242debc74fecbd5"
                },
                "executionTimeMs exists": {
                    "id": "80a08d6da4eb3227ebf3a5e73e014c6f",
                    "passes": 9824,
                    "fails": 0,
                    "name": "executionTimeMs exists",
                    "path": "::executionTimeMs exists"
                }
            },
        "name": "",
        "path": "",
        "id": "d41d8cd98f00b204e9800998ecf8427e"
    }
}