{
    "root_group": {
        "name": "",
        "path": "",
        "id": "d41d8cd98f00b204e9800998ecf8427e",
        "groups": {},
        "checks": {
                "status is 200": {
                    "name": "status is 200",
                    "path": "::status is 200",
                    "id": "6210a8cd14cd70477eba5c5e4cb3fb5f",
                    "passes": 9827,
                    "fails": 0
                },
                "content-type is json": {
                    "id": "c544ce8ea75d5205f66e0fea6489a1fb",
                    "passes": 9827,
                    "fails": 0,
                    "name": "content-type is json",
                    "path": "::content-type is json"
                },
                "workloadType is CPU-BOUND": {
                    "name": "workloadType is CPU-BOUND",
                    "path": "::workloadType is CPU-BOUND",
                    "id": "1adc3dbd34c164fc9242debc74fecbd5",
                    "passes": 9827,
                    "fails": 0
                },
                "executionTimeMs exists": {
                    "id": "80a08d6da4eb3227ebf3a5e73e014c6f",
                    "passes": 9827,
                    "fails": 0,
                    "name": "executionTimeMs exists",
                    "path": "::executionTimeMs exists"
                }
            }
    },
    "metrics": {
        "http_req_duration": {
            "med": 2265.773818,
            "max": 5151.059622,
            "p(90)": 3163.3758628,
            "p(95)": 3401.9234638,
            "p(99)": 3830.46780002,
            "min": 46.223994,
            "avg": 2145.2281607815253,
            "thresholds": {
                "p(95)<5000": false,
                "p(99)<10000": false
            }
        },
        "vus": {
            "value": 1,
            "min": 1,
            "max": 100
        },
        "http_req_waiting": {
            "min": 46.161304,
            "avg": 2143.513282074493,
            "med": 2263.507463,
            "max": 5150.917148,
            "p(90)": 3160.9439448,
            "p(95)": 3399.262884399999,
            "p(99)": 3828.1411553599996
        },
        "iteration_duration": {
            "p(95)": 3402.0841723999997,
            "p(99)": 3830.67266624,
            "min": 46.363789,
            "avg": 2145.4001767918994,
            "med": 2265.967241,
            "max": 5151.233117,
            "p(90)": 3163.5255164
        },
        "http_req_receiving": {
            "avg": 1.7002883915742373,
            "med": 0.089041,
            "max": 452.385644,
            "p(90)": 0.1547026,
            "p(95)": 0.27068289999999995,
            "p(99)": 35.88944247999981,
            "min": 0.019187
        },
        "http_req_sending": {
            "p(90)": 0.017492599999999997,
            "p(95)": 0.019416399999999986,
            "p(99)": 0.04031725999999998,
            "min": 0.005664,
            "avg": 0.014590315457413261,
            "med": 0.014513,
            "max": 0.492268
        },
        "http_req_failed": {
            "passes": 0,
            "fails": 9827,
            "thresholds": {
                "rate<0.05": false
            },
            "value": 0
        },
        "iterations": {
            "count": 9827,
            "rate": 40.939276023819176
        },
        "http_reqs": {
            "count": 9827,
            "rate": 40.939276023819176
        },
        "successful_requests": {
            "count": 9827,
            "rate": 40.939276023819176
        },
        "vus_max": {
            "value": 100,
            "min": 100,
            "max": 100
        },
        "checks": {
            "passes": 39308,
            "fails": 0,
            "thresholds": {
                "rate>0.95": false
            },
            "value": 1
        },
        "data_sent": {
            "count": 786160,
            "rate": 3275.142081905534
        },
        "http_req_tls_handshaking": {
            "med": 0,
            "max": 0,
            "p(90)": 0,
            "p(95)": 0,
            "p(99)": 0,
            "min": 0,
            "avg": 0
        },
        "http_req_connecting": {
            "p(99)": 0.2998912999999999,
            "min": 0,
            "avg": 0.004564083545334281,
            "med": 0,
            "max": 1.47074,
            "p(90)": 0,
            "p(95)": 0
        },
        "http_req_blocked": {
            "min": 0.00176,
            "avg": 0.008683640887351192,
            "med": 0.00306,
            "max": 1.551059,
            "p(90)": 0.004335199999999999,
            "p(95)": 0.0050053999999999975,
            "p(99)": 0.3562948599999994
        },
        "http_req_duration{expected_response:true}": {
            "p(95)": 3401.9234638,
            "p(99)": 3830.46780002,
            "min": 46.223994,
            "avg": 2145.2281607815253,
            "med": 2265.773818,
            "max": 5151.059622,
            "p(90)": 3163.3758628
        },
        "data_received": {
            "count": 2818622,
            "rate": 11742.37753788636
        },
        "response_time_ms": {
            "p(95)": 3401.9234638,
            "p(99)": 3830.46780002,
            "min": 46.223994,
            "avg": 2145.2281607815253,
            "med": 2265.773818,
            "max": 5151.059622,
            "p(90)": 3163.3758628
        }
    }
}