{
    "root_group": {
        "checks": {
            "status is 200": {
                "name": "status is 200",
                "path": "::status is 200",
                "id": "6210a8cd14cd70477eba5c5e4cb3fb5f",
                "passes": 8099,
                "fails": 0
            },
            "content-type is json": {
                "fails": 0,
                "name": "content-type is json",
                "path": "::content-type is json",
                "id": "c544ce8ea75d5205f66e0fea6489a1fb",
                "passes": 8099
            },
            "workloadType is CPU-BOUND": {
                "name": "workloadType is CPU-BOUND",
                "path": "::workloadType is CPU-BOUND",
                "id": "1adc3dbd34c164fc9242debc74fecbd5",
                "passes": 8099,
                "fails": 0
            },
            "executionTimeMs exists": {
                "id": "80a08d6da4eb3227ebf3a5e73e014c6f",
                "passes": 8099,
                "fails": 0,
                "name": "executionTimeMs exists",
                "path": "::executionTimeMs exists"
            }
        },
        "name": "",
        "path": "",
        "id": "d41d8cd98f00b204e9800998ecf8427e",
        "groups": {}
    },
    "metrics": {
        "http_req_failed": {
            "passes": 0,
            "fails": 8099,
            "thresholds": {
                "rate<0.05": false
            },
            "value": 0
        },
        "http_req_tls_handshaking": {
            "avg": 0,
            "med": 0,
            "max": 0,
            "p(90)": 0,
            "p(95)": 0,
            "p(99)": 0,
            "min": 0
        },
        "response_time_ms": {
            "p(90)": 2498.2033886,
            "p(95)": 2608.0703227999998,
            "p(99)": 2844.78637266,
            "min": 56.786068,
            "avg": 1952.3614794245002,
            "med": 2243.026694,
            "max": 4874.084017
        },
        "http_req_blocked": {
            "min": 0.00182,
            "avg": 0.006905726139029497,
            "med": 0.003115,
            "max": 0.673945,
            "p(90)": 0.004378,
            "p(95)": 0.004881099999999999,
            "p(99)": 0.03914703999999962
        },
        "data_sent": {
            "count": 647920,
            "rate": 2699.5774735268005
        },
        "data_received": {
            "count": 1861788,
            "rate": 7757.193704905721
        },
        "http_req_duration": {
            "p(99)": 2844.78637266,
            "min": 56.786068,
            "avg": 1952.3614794245002,
            "med": 2243.026694,
            "max": 4874.084017,
            "p(90)": 2498.2033886,
            "p(95)": 2608.0703227999998,
            "thresholds": {
                "p(95)<5000": false,
                "p(99)<10000": false
            }
        },
        "checks": {
            "passes": 32396,
            "fails": 0,
            "thresholds": {
                "rate>0.95": false
            },
            "value": 1
        },
        "http_req_sending": {
            "min": 0.005456,
            "avg": 0.014917043338683775,
            "med": 0.014607,
            "max": 0.34908,
            "p(90)": 0.01729,
            "p(95)": 0.018527399999999992,
            "p(99)": 0.03894939999999999
        },
        "successful_requests": {
            "count": 8099,
            "rate": 33.744718419085004
        },
        "http_req_receiving": {
            "avg": 0.045457893937522836,
            "med": 0.044748,
            "max": 0.113832,
            "p(90)": 0.0553726,
            "p(95)": 0.05896779999999999,
            "p(99)": 0.06903033999999995,
            "min": 0.017898
        },
        "iteration_duration": {
            "avg": 1952.5324635553827,
            "med": 2243.198893,
            "max": 4874.708417,
            "p(90)": 2498.3687182,
            "p(95)": 2608.2167095,
            "p(99)": 2844.921188,
            "min": 56.9374
        },
        "http_reqs": {
            "count": 8099,
            "rate": 33.744718419085004
        },
        "http_req_duration{expected_response:true}": {
            "max": 4874.084017,
            "p(90)": 2498.2033886,
            "p(95)": 2608.0703227999998,
            "p(99)": 2844.78637266,
            "min": 56.786068,
            "avg": 1952.3614794245002,
            "med": 2243.026694
        },
        "vus": {
            "value": 1,
            "min": 1,
            "max": 75
        },
        "http_req_connecting": {
            "p(99)": 0,
            "min": 0,
            "avg": 0.003008506852697864,
            "med": 0,
            "max": 0.37163,
            "p(90)": 0,
            "p(95)": 0
        },
        "http_req_waiting": {
            "p(99)": 2844.7339118,
            "min": 56.725346,
            "avg": 1952.3011044872123,
            "med": 2242.970705,
            "max": 4874.007596,
            "p(90)": 2498.1546394,
            "p(95)": 2608.0090969999997
        },
        "vus_max": {
            "value": 75,
            "min": 75,
            "max": 75
        },
        "iterations": {
            "count": 8099,
            "rate": 33.744718419085004
        }
    }
}