{
    "root_group": {
        "checks": {
            "status is 200": {
                "name": "status is 200",
                "path": "::status is 200",
                "id": "6210a8cd14cd70477eba5c5e4cb3fb5f",
                "passes": 8119,
                "fails": 0
            },
            "content-type is json": {
                "fails": 0,
                "name": "content-type is json",
                "path": "::content-type is json",
                "id": "c544ce8ea75d5205f66e0fea6489a1fb",
                "passes": 8119
            },
            "workloadType is CPU-BOUND": {
                "passes": 8119,
                "fails": 0,
                "name": "workloadType is CPU-BOUND",
                "path": "::workloadType is CPU-BOUND",
                "id": "1adc3dbd34c164fc9242debc74fecbd5"
            },
            "executionTimeMs exists": {
                "fails": 0,
                "name": "executionTimeMs exists",
                "path": "::executionTimeMs exists",
                "id": "80a08d6da4eb3227ebf3a5e73e014c6f",
                "passes": 8119
            }
        },
        "name": "",
        "path": "",
        "id": "d41d8cd98f00b204e9800998ecf8427e",
        "groups": {}
    },
    "metrics": {
        "successful_requests": {
            "count": 8119,
            "rate": 33.827145064580534
        },
        "data_received": {
            "count": 1866439,
            "rate": 7776.36443000254
        },
        "http_req_sending": {
            "min": 0.005597,
            "avg": 0.015309988545387359,
            "med": 0.014993,
            "max": 0.3324,
            "p(90)": 0.017820199999999998,
            "p(95)": 0.019272699999999983,
            "p(99)": 0.03878939999999994
        },
        "http_reqs": {
            "count": 8119,
            "rate": 33.827145064580534
        },
        "http_req_connecting": {
            "med": 0,
            "max": 1.282525,
            "p(90)": 0,
            "p(95)": 0,
            "p(99)": 0,
            "min": 0,
            "avg": 0.003043412735558567
        },
        "http_req_waiting": {
            "max": 5580.504468,
            "p(90)": 2483.173012,
            "p(95)": 2598.1202344,
            "p(99)": 2727.16212394,
            "min": 56.543015,
            "avg": 1947.1987670828858,
            "med": 2239.34885
        },
        "vus": {
            "value": 1,
            "min": 1,
            "max": 75
        },
        "response_time_ms": {
            "max": 5580.617351,
            "p(90)": 2483.2322599999998,
            "p(95)": 2598.1874927,
            "p(99)": 2727.23377286,
            "min": 56.599562,
            "avg": 1947.26146896021,
            "med": 2239.405974
        },
        "http_req_blocked": {
            "min": 0.001811,
            "avg": 0.007033988175883711,
            "med": 0.003208,
            "max": 1.367443,
            "p(90)": 0.0045,
            "p(95)": 0.004997599999999996,
            "p(99)": 0.050042299999998
        },
        "http_req_receiving": {
            "p(95)": 0.06136209999999998,
            "p(99)": 0.07300987999999999,
            "min": 0.020202,
            "avg": 0.04739188877940646,
            "med": 0.046741,
            "max": 0.381922,
            "p(90)": 0.0570262
        },
        "http_req_failed": {
            "passes": 0,
            "fails": 8119,
            "thresholds": {
                "rate<0.05": false
            },
            "value": 0
        },
        "iterations": {
            "count": 8119,
            "rate": 33.827145064580534
        },
        "http_req_duration{expected_response:true}": {
            "min": 56.599562,
            "avg": 1947.26146896021,
            "med": 2239.405974,
            "max": 5580.617351,
            "p(90)": 2483.2322599999998,
            "p(95)": 2598.1874927,
            "p(99)": 2727.23377286
        },
        "http_req_tls_handshaking": {
            "p(99)": 0,
            "min": 0,
            "avg": 0,
            "med": 0,
            "max": 0,
            "p(90)": 0,
            "p(95)": 0
        },
        "checks": {
            "fails": 0,
            "passes": 32476,
            "thresholds": {
                "rate>0.95": false
            },
            "value": 1
        },
        "iteration_duration": {
            "max": 5581.357988,
            "p(90)": 2483.4100036,
            "p(95)": 2598.3883404,
            "p(99)": 2727.42883554,
            "min": 56.765962,
            "avg": 1947.436900484297,
            "med": 2239.586686
        },
        "data_sent": {
            "count": 649520,
            "rate": 2706.1716051664425
        },
        "vus_max": {
            "min": 75,
            "max": 75,
            "value": 75
        },
        "http_req_duration": {
            "avg": 1947.26146896021,
            "med": 2239.405974,
            "max": 5580.617351,
            "p(90)": 2483.2322599999998,
            "p(95)": 2598.1874927,
            "p(99)": 2727.23377286,
            "min": 56.599562,
            "thresholds": {
                "p(95)<5000": false,
                "p(99)<10000": false
            }
        }
    }
}