{
    "root_group": {
        "name": "",
        "path": "",
        "id": "d41d8cd98f00b204e9800998ecf8427e",
        "groups": {},
        "checks": {
                "status is 200": {
                    "passes": 8021,
                    "fails": 0,
                    "name": "status is 200",
                    "path": "::status is 200",
                    "id": "6210a8cd14cd70477eba5c5e4cb3fb5f"
                },
                "content-type is json": {
                    "name": "content-type is json",
                    "path": "::content-type is json",
                    "id": "c544ce8ea75d5205f66e0fea6489a1fb",
                    "passes": 8021,
                    "fails": 0
                },
                "workloadType is CPU-BOUND": {
                    "path": "::workloadType is CPU-BOUND",
                    "id": "1adc3dbd34c164fc9242debc74fecbd5",
                    "passes": 8021,
                    "fails": 0,
                    "name": "workloadType is CPU-BOUND"
                },
                "executionTimeMs exists": {
                    "name": "executionTimeMs exists",
                    "path": "::executionTimeMs exists",
                    "id": "80a08d6da4eb3227ebf3a5e73e014c6f",
                    "passes": 8021,
                    "fails": 0
                }
            }
    },
    "metrics": {
        "http_req_tls_handshaking": {
            "min": 0,
            "avg": 0,
            "med": 0,
            "max": 0,
            "p(90)": 0,
            "p(95)": 0,
            "p(99)": 0
        },
        "response_time_ms": {
            "med": 237.042558,
            "max": 598.815999,
            "p(90)": 356.627331,
            "p(95)": 360.219287,
            "p(99)": 477.246231,
            "min": 56.842023,
            "avg": 263.5953148331886
        },
        "vus": {
            "value": 1,
            "min": 1,
            "max": 10
        },
        "http_req_waiting": {
            "p(90)": 356.560246,
            "p(95)": 360.140279,
            "p(99)": 477.17417660000007,
            "min": 56.774477,
            "avg": 263.52497220134563,
            "med": 236.975291,
            "max": 598.750833
        },
        "vus_max": {
            "value": 10,
            "min": 10,
            "max": 10
        },
        "data_sent": {
            "count": 641680,
            "rate": 2673.646897420722
        },
        "http_req_connecting": {
            "max": 0.413717,
            "p(90)": 0,
            "p(95)": 0,
            "p(99)": 0,
            "min": 0,
            "avg": 0.00043662909861613263,
            "med": 0
        },
        "http_req_receiving": {
            "min": 0.01804,
            "avg": 0.052382933549432506,
            "med": 0.051883,
            "max": 0.357394,
            "p(90)": 0.060684,
            "p(95)": 0.066326,
            "p(99)": 0.07701480000000002
        },
        "data_received": {
            "count": 1843559,
            "rate": 7681.43903590894
        },
        "successful_requests": {
            "count": 8021,
            "rate": 33.42058621775902
        },
        "iteration_duration": {
            "min": 57.032111,
            "avg": 263.7870513220298,
            "med": 237.22453,
            "max": 598.972376,
            "p(90)": 356.829781,
            "p(95)": 360.426263,
            "p(99)": 477.4339102
        },
        "checks": {
            "passes": 32084,
            "fails": 0,
            "thresholds": {
                "rate>0.95": false
            },
            "value": 1
        },
        "http_req_failed": {
            "passes": 0,
            "fails": 8021,
            "thresholds": {
                "rate<0.05": false
            },
            "value": 0
        },
        "http_req_duration{expected_response:true}": {
            "med": 237.042558,
            "max": 598.815999,
            "p(90)": 356.627331,
            "p(95)": 360.219287,
            "p(99)": 477.246231,
            "min": 56.842023,
            "avg": 263.5953148331886
        },
        "http_req_blocked": {
            "p(90)": 0.004776,
            "p(95)": 0.005262,
            "p(99)": 0.006993200000000013,
            "min": 0.001831,
            "avg": 0.004370231143248964,
            "med": 0.003629,
            "max": 0.498021
        },
        "http_req_sending": {
            "p(99)": 0.042932800000000174,
            "min": 0.005986,
            "avg": 0.017959698291983506,
            "med": 0.016478,
            "max": 0.54809,
            "p(90)": 0.018488,
            "p(95)": 0.019582
        },
        "iterations": {
            "count": 8021,
            "rate": 33.42058621775902
        },
        "http_reqs": {
            "count": 8021,
            "rate": 33.42058621775902
        },
        "http_req_duration": {
            "min": 56.842023,
            "avg": 263.5953148331886,
            "med": 237.042558,
            "max": 598.815999,
            "p(90)": 356.627331,
            "p(95)": 360.219287,
            "p(99)": 477.246231,
            "thresholds": {
                "p(95)<5000": false,
                "p(99)<10000": false
            }
        }
    }
}