{
    "root_group": {
        "name": "",
        "path": "",
        "id": "d41d8cd98f00b204e9800998ecf8427e",
        "groups": {},
        "checks": {
                "status is 200": {
                    "name": "status is 200",
                    "path": "::status is 200",
                    "id": "6210a8cd14cd70477eba5c5e4cb3fb5f",
                    "passes": 225362,
                    "fails": 0
                },
                "content-type is json": {
                    "passes": 225362,
                    "fails": 0,
                    "name": "content-type is json",
                    "path": "::content-type is json",
                    "id": "c544ce8ea75d5205f66e0fea6489a1fb"
                },
                "workloadType is IO-BOUND": {
                    "passes": 225362,
                    "fails": 0,
                    "name": "workloadType is IO-BOUND",
                    "path": "::workloadType is IO-BOUND",
                    "id": "2d06b45980f6a692d0e2ce7d70263fab"
                },
                "executionTimeMs exists": {
                    "name": "executionTimeMs exists",
                    "path": "::executionTimeMs exists",
                    "id": "80a08d6da4eb3227ebf3a5e73e014c6f",
                    "passes": 225362,
                    "fails": 0
                }
            }
    },
    "metrics": {
        "vus_max": {
            "value": 150,
            "min": 150,
            "max": 150
        },
        "iteration_duration": {
            "p(95)": 154.00901045,
            "p(99)": 158.40195094,
            "min": 50.924497,
            "avg": 139.863253503233,
            "med": 152.9409885,
            "max": 170.980084,
            "p(90)": 153.6620818
        },
        "http_reqs": {
            "count": 225362,
            "rate": 938.9295506184761
        },
        "checks": {
            "fails": 0,
            "passes": 901448,
            "thresholds": {
                "rate>0.95": false
            },
            "value": 1
        },
        "http_req_connecting": {
            "p(95)": 0,
            "p(99)": 0,
            "min": 0,
            "avg": 0.00021695190404770996,
            "med": 0,
            "max": 0.721293,
            "p(90)": 0
        },
        "successful_requests": {
            "count": 225362,
            "rate": 938.9295506184761
        },
        "data_sent": {
            "count": 17803598,
            "rate": 74175.43449885961
        },
        "http_req_receiving": {
            "p(99)": 0.31331039,
            "min": 0.011008,
            "avg": 0.034846473904207566,
            "med": 0.025899,
            "max": 16.730851,
            "p(90)": 0.038938,
            "p(95)": 0.04526294999999998
        },
        "data_received": {
            "count": 49753269,
            "rate": 207287.89460499177
        },
        "http_req_duration{expected_response:true}": {
            "p(99)": 158.22996331999994,
            "min": 50.822729,
            "avg": 139.72243267974497,
            "med": 152.80220300000002,
            "max": 170.754689,
            "p(90)": 153.5225165,
            "p(95)": 153.86936465000002
        },
        "http_req_failed": {
            "fails": 225362,
            "passes": 0,
            "thresholds": {
                "rate<0.05": false
            },
            "value": 0
        },
        "iterations": {
            "count": 225362,
            "rate": 938.9295506184761
        },
        "http_req_duration": {
            "avg": 139.72243267974497,
            "med": 152.80220300000002,
            "max": 170.754689,
            "p(90)": 153.5225165,
            "p(95)": 153.86936465000002,
            "p(99)": 158.22996331999994,
            "min": 50.822729,
            "thresholds": {
                "p(95)<5000": false,
                "p(99)<10000": false
            }
        },
        "http_req_tls_handshaking": {
            "min": 0,
            "avg": 0,
            "med": 0,
            "max": 0,
            "p(90)": 0,
            "p(95)": 0,
            "p(99)": 0
        },
        "response_time_ms": {
            "p(90)": 153.5225165,
            "p(95)": 153.86936465000002,
            "p(99)": 158.22996331999994,
            "min": 50.822729,
            "avg": 139.72243267974497,
            "med": 152.80220300000002,
            "max": 170.754689
        },
        "http_req_waiting": {
            "avg": 139.67207299263842,
            "med": 152.7632005,
            "max": 170.57318,
            "p(90)": 153.4832898,
            "p(95)": 153.82405015,
            "p(99)": 158.03660466,
            "min": 50.773058
        },
        "http_req_sending": {
            "min": 0.003887,
            "avg": 0.015513213203645841,
            "med": 0.008121,
            "max": 11.258026,
            "p(90)": 0.01438,
            "p(95)": 0.020469,
            "p(99)": 0.18661150999999987
        },
        "vus": {
            "value": 1,
            "min": 1,
            "max": 150
        },
        "http_req_blocked": {
            "p(90)": 0.003425,
            "p(95)": 0.004072,
            "p(99)": 0.014605389999999984,
            "min": 0.001338,
            "avg": 0.00322923525705304,
            "med": 0.00263,
            "max": 1.627385
        }
    }
}