{
    "metrics": {
        "data_received": {
            "count": 1858294,
            "rate": 7741.444380544415
        },
        "http_req_failed": {
            "passes": 0,
            "fails": 8084,
            "thresholds": {
                "rate<0.05": false
            },
            "value": 0
        },
        "http_req_tls_handshaking": {
            "p(99)": 0,
            "min": 0,
            "avg": 0,
            "med": 0,
            "max": 0,
            "p(90)": 0,
            "p(95)": 0
        },
        "http_req_receiving": {
            "max": 0.300092,
            "p(90)": 0.0534244,
            "p(95)": 0.057235049999999996,
            "p(99)": 0.06873003999999999,
            "min": 0.019899,
            "avg": 0.04258799950519554,
            "med": 0.040929
        },
        "iteration_duration": {
            "p(95)": 1076.1479226,
            "p(99)": 1310.33426583,
            "min": 56.98046,
            "avg": 782.2125806668719,
            "med": 830.3554715,
            "max": 1921.178201,
            "p(90)": 954.1252913999999
        },
        "vus_max": {
            "value": 30,
            "min": 30,
            "max": 30
        },
        "http_req_waiting": {
            "p(90)": 953.9204078,
            "p(95)": 1075.9674376499997,
            "p(99)": 1310.15508669,
            "min": 56.749608,
            "avg": 781.9991975312921,
            "med": 830.1570340000001,
            "max": 1920.347405
        },
        "iterations": {
            "count": 8084,
            "rate": 33.677037310738264
        },
        "http_req_connecting": {
            "max": 1.752486,
            "p(90)": 0,
            "p(95)": 0,
            "p(99)": 0,
            "min": 0,
            "avg": 0.0014285142256308758,
            "med": 0
        },
        "http_req_duration{expected_response:true}": {
            "max": 1920.447873,
            "p(90)": 953.9805207,
            "p(95)": 1076.0197905,
            "p(99)": 1310.19980413,
            "min": 56.812832,
            "avg": 782.0566073248375,
            "med": 830.2088925
        },
        "successful_requests": {
            "count": 8084,
            "rate": 33.677037310738264
        },
        "response_time_ms": {
            "p(99)": 1310.19980413,
            "min": 56.812832,
            "avg": 782.0566073248375,
            "med": 830.2088925,
            "max": 1920.447873,
            "p(90)": 953.9805207,
            "p(95)": 1076.0197905
        },
        "http_req_blocked": {
            "p(95)": 0.004609099999999997,
            "p(99)": 0.00658217,
            "min": 0.001841,
            "avg": 0.00483214831766453,
            "med": 0.002941,
            "max": 1.861868,
            "p(90)": 0.00417
        },
        "http_req_duration": {
            "min": 56.812832,
            "avg": 782.0566073248375,
            "med": 830.2088925,
            "max": 1920.447873,
            "p(90)": 953.9805207,
            "p(95)": 1076.0197905,
            "p(99)": 1310.19980413,
            "thresholds": {
                "p(95)<5000": false,
                "p(99)<10000": false
            }
        },
        "http_reqs": {
            "count": 8084,
            "rate": 33.677037310738264
        },
        "http_req_sending": {
            "min": 0.005529,
            "avg": 0.014821794037605134,
            "med": 0.0140945,
            "max": 0.322828,
            "p(90)": 0.0167497,
            "p(95)": 0.017842399999999998,
            "p(99)": 0.03408691000000008
        },
        "checks": {
            "passes": 32336,
            "fails": 0,
            "thresholds": {
                "rate>0.95": false
            },
            "value": 1
        },
        "vus": {
            "value": 1,
            "min": 1,
            "max": 30
        },
        "data_sent": {
            "count": 646720,
            "rate": 2694.162984859061
        }
    },
    "root_group": {
        "id": "d41d8cd98f00b204e9800998ecf8427e",
        "groups": {},
        "checks": {
                "status is 200": {
                    "path": "::status is 200",
                    "id": "6210a8cd14cd70477eba5c5e4cb3fb5f",
                    "passes": 8084,
                    "fails": 0,
                    "name": "status is 200"
                },
                "content-type is json": {
                    "id": "c544ce8ea75d5205f66e0fea6489a1fb",
                    "passes": 8084,
                    "fails": 0,
                    "name": "content-type is json",
                    "path": "::content-type is json"
                },
                "workloadType is CPU-BOUND": {
                    "name": "workloadType is CPU-BOUND",
                    "path": "::workloadType is CPU-BOUND",
                    "id": "1adc3dbd34c164fc9242debc74fecbd5",
                    "passes": 8084,
                    "fails": 0
                },
                "executionTimeMs exists": {
                    "fails": 0,
                    "name": "executionTimeMs exists",
                    "path": "::executionTimeMs exists",
                    "id": "80a08d6da4eb3227ebf3a5e73e014c6f",
                    "passes": 8084
                }
            },
        "name": "",
        "path": ""
    }
}