{
    "metrics": {
        "successful_requests": {
            "count": 350713,
            "rate": 974.1428362173523
        },
        "http_req_duration": {
            "avg": 753.1117212299098,
            "med": 816.49263,
            "max": 851.401134,
            "p(90)": 817.7759540000001,
            "p(95)": 824.8599964,
            "p(99)": 829.11371756,
            "min": 50.791607,
            "thresholds": {
                "p(99)<10000": false,
                "p(95)<5000": false
            }
        },
        "http_req_duration{expected_response:true}": {
            "min": 50.791607,
            "avg": 753.1117212299098,
            "med": 816.49263,
            "max": 851.401134,
            "p(90)": 817.7759540000001,
            "p(95)": 824.8599964,
            "p(99)": 829.11371756
        },
        "vus": {
            "value": 11,
            "min": 11,
            "max": 800
        },
        "http_req_sending": {
            "p(95)": 0.019471,
            "p(99)": 0.048726640000000015,
            "min": 0.004287,
            "avg": 0.01409162226949137,
            "med": 0.008653,
            "max": 15.899348,
            "p(90)": 0.014669
        },
        "http_req_failed": {
            "passes": 0,
            "fails": 350713,
            "thresholds": {
                "rate<0.05": false
            },
            "value": 0
        },
        "http_req_blocked": {
            "p(95)": 0.004441,
            "p(99)": 0.01574976000000001,
            "min": 0.001312,
            "avg": 0.004161164402231771,
            "med": 0.002786,
            "max": 6.641776,
            "p(90)": 0.003822799999999988
        },
        "http_reqs": {
            "count": 350713,
            "rate": 974.1428362173523
        },
        "vus_max": {
            "value": 800,
            "min": 800,
            "max": 800
        },
        "http_req_connecting": {
            "min": 0,
            "avg": 0.0009129558385346408,
            "med": 0,
            "max": 6.577213,
            "p(90)": 0,
            "p(95)": 0,
            "p(99)": 0
        },
        "data_received": {
            "rate": 215162.89101926392,
            "count": 77463407
        },
        "iterations": {
            "rate": 974.1428362173523,
            "count": 350713
        },
        "checks": {
            "passes": 1402852,
            "fails": 0,
            "thresholds": {
                "rate>0.95": false
            },
            "value": 1
        },
        "http_req_receiving": {
            "min": 0.011863,
            "avg": 0.03204372688494608,
            "med": 0.027449,
            "max": 14.039894,
            "p(90)": 0.041116,
            "p(95)": 0.046928,
            "p(99)": 0.06397688000000001
        },
        "data_sent": {
            "count": 27706327,
            "rate": 76957.28406117084
        },
        "response_time_ms": {
            "max": 851.401134,
            "p(90)": 817.7759540000001,
            "p(95)": 824.8599964,
            "p(99)": 829.11371756,
            "min": 50.791607,
            "avg": 753.1117212299098,
            "med": 816.49263
        },
        "http_req_waiting": {
            "med": 816.451299,
            "max": 851.353397,
            "p(90)": 817.7334092,
            "p(95)": 824.7874271999999,
            "p(99)": 829.06713172,
            "min": 50.750452,
            "avg": 753.0655858807897
        },
        "http_req_tls_handshaking": {
            "avg": 0,
            "med": 0,
            "max": 0,
            "p(90)": 0,
            "p(95)": 0,
            "p(99)": 0,
            "min": 0
        },
        "iteration_duration": {
            "avg": 753.2620119009453,
            "med": 816.640871,
            "max": 851.597602,
            "p(90)": 817.924381,
            "p(95)": 825.0351563999999,
            "p(99)": 829.2646552399999,
            "min": 50.919858
        }
    },
    "root_group": {
        "name": "",
        "path": "",
        "id": "d41d8cd98f00b204e9800998ecf8427e",
        "groups": {},
        "checks": {
                "status is 200": {
                    "passes": 350713,
                    "fails": 0,
                    "name": "status is 200",
                    "path": "::status is 200",
                    "id": "6210a8cd14cd70477eba5c5e4cb3fb5f"
                },
                "content-type is json": {
                    "id": "c544ce8ea75d5205f66e0fea6489a1fb",
                    "passes": 350713,
                    "fails": 0,
                    "name": "content-type is json",
                    "path": "::content-type is json"
                },
                "workloadType is IO-BOUND": {
                    "fails": 0,
                    "name": "workloadType is IO-BOUND",
                    "path": "::workloadType is IO-BOUND",
                    "id": "2d06b45980f6a692d0e2ce7d70263fab",
                    "passes": 350713
                },
                "executionTimeMs exists": {
                    "name": "executionTimeMs exists",
                    "path": "::executionTimeMs exists",
                    "id": "80a08d6da4eb3227ebf3a5e73e014c6f",
                    "passes": 350713,
                    "fails": 0
                }
            }
    }
}