{
    "root_group": {
        "id": "d41d8cd98f00b204e9800998ecf8427e",
        "groups": {},
        "checks": {
                "status is 200": {
                    "name": "status is 200",
                    "path": "::status is 200",
                    "id": "6210a8cd14cd70477eba5c5e4cb3fb5f",
                    "passes": 227862,
                    "fails": 0
                },
                "content-type is json": {
                    "name": "content-type is json",
                    "path": "::content-type is json",
                    "id": "c544ce8ea75d5205f66e0fea6489a1fb",
                    "passes": 227862,
                    "fails": 0
                },
                "workloadType is IO-BOUND": {
                    "name": "workloadType is IO-BOUND",
                    "path": "::workloadType is IO-BOUND",
                    "id": "2d06b45980f6a692d0e2ce7d70263fab",
                    "passes": 227862,
                    "fails": 0
                },
                "executionTimeMs exists": {
                    "name": "executionTimeMs exists",
                    "path": "::executionTimeMs exists",
                    "id": "80a08d6da4eb3227ebf3a5e73e014c6f",
                    "passes": 227862,
                    "fails": 0
                }
            },
        "name": "",
        "path": ""
    },
    "metrics": {
        "http_req_sending": {
            "p(90)": 0.014536,
            "p(95)": 0.020924,
            "p(99)": 0.1842087999999997,
            "min": 0.004128,
            "avg": 0.01578280765112233,
            "med": 0.008258,
            "max": 13.703545
        },
        "iterations": {
            "count": 227862,
            "rate": 949.2852934737256
        },
        "http_req_duration": {
            "min": 50.777469,
            "avg": 184.28288725645496,
            "med": 203.7558495,
            "max": 407.559907,
            "p(90)": 204.5595517,
            "p(95)": 204.93615515000002,
            "p(99)": 211.17701010999997,
            "thresholds": {
                "p(95)<5000": false,
                "p(99)<10000": false
            }
        },
        "iteration_duration": {
            "min": 50.890961,
            "avg": 184.42606118438565,
            "med": 203.89559300000002,
            "max": 407.691826,
            "p(90)": 204.6993143,
            "p(95)": 205.07913475,
            "p(99)": 211.33055969999998
        },
        "http_req_failed": {
            "passes": 0,
            "fails": 227862,
            "thresholds": {
                "rate<0.05": false
            },
            "value": 0
        },
        "checks": {
            "passes": 911448,
            "fails": 0,
            "thresholds": {
                "rate>0.95": false
            },
            "value": 1
        },
        "http_req_blocked": {
            "p(99)": 0.01498655999999994,
            "min": 0.001294,
            "avg": 0.003390890455626557,
            "med": 0.002665,
            "max": 8.08886,
            "p(90)": 0.003502,
            "p(95)": 0.004166
        },
        "http_reqs": {
            "rate": 949.2852934737256,
            "count": 227862
        },
        "http_req_duration{expected_response:true}": {
            "min": 50.777469,
            "avg": 184.28288725645496,
            "med": 203.7558495,
            "max": 407.559907,
            "p(90)": 204.5595517,
            "p(95)": 204.93615515000002,
            "p(99)": 211.17701010999997
        },
        "vus": {
            "value": 1,
            "min": 1,
            "max": 200
        },
        "http_req_receiving": {
            "med": 0.026151,
            "max": 19.735615,
            "p(90)": 0.039447,
            "p(95)": 0.04600594999999998,
            "p(99)": 0.3154880699999998,
            "min": 0.011946,
            "avg": 0.03554892444988576
        },
        "http_req_waiting": {
            "max": 407.525658,
            "p(90)": 204.5200926,
            "p(95)": 204.8920041,
            "p(99)": 210.98722089999998,
            "min": 50.744969,
            "avg": 184.23155552435713,
            "med": 203.7165755
        },
        "successful_requests": {
            "count": 227862,
            "rate": 949.2852934737256
        },
        "data_received": {
            "count": 50312240,
            "rate": 209603.48594201982
        },
        "http_req_tls_handshaking": {
            "med": 0,
            "max": 0,
            "p(90)": 0,
            "p(95)": 0,
            "p(99)": 0,
            "min": 0,
            "avg": 0
        },
        "response_time_ms": {
            "min": 50.777469,
            "avg": 184.28288725645496,
            "med": 203.7558495,
            "max": 407.559907,
            "p(90)": 204.5595517,
            "p(95)": 204.93615515000002,
            "p(99)": 211.17701010999997
        },
        "data_sent": {
            "count": 18001098,
            "rate": 74993.53818442432
        },
        "vus_max": {
            "value": 200,
            "min": 200,
            "max": 200
        },
        "http_req_connecting": {
            "avg": 0.00035043326662629134,
            "med": 0,
            "max": 8.014168,
            "p(90)": 0,
            "p(95)": 0,
            "p(99)": 0,
            "min": 0
        }
    }
}