{
    "metrics": {
        "http_req_failed": {
            "passes": 0,
            "fails": 230561,
            "thresholds": {
                "rate<0.05": false
            },
            "value": 0
        },
        "http_req_blocked": {
            "p(95)": 0.004106,
            "p(99)": 0.014447799999999988,
            "min": 0.001316,
            "avg": 0.0034849529625565557,
            "med": 0.002672,
            "max": 10.5332,
            "p(90)": 0.003477
        },
        "http_req_sending": {
            "p(90)": 0.014382,
            "p(95)": 0.020149,
            "p(99)": 0.1625198,
            "min": 0.004189,
            "avg": 0.015072755531074412,
            "med": 0.00838,
            "max": 13.317304
        },
        "http_req_waiting": {
            "med": 253.003446,
            "max": 280.607724,
            "p(90)": 254.562873,
            "p(95)": 255.052591,
            "p(99)": 258.832995,
            "min": 50.699424,
            "avg": 227.6359854356986
        },
        "response_time_ms": {
            "min": 50.740688,
            "avg": 227.6859336327535,
            "med": 253.04439,
            "max": 280.939005,
            "p(90)": 254.604625,
            "p(95)": 255.097701,
            "p(99)": 258.9683984
        },
        "data_sent": {
            "count": 18214319,
            "rate": 75888.7379764806
        },
        "http_req_receiving": {
            "min": 0.012442,
            "avg": 0.0348754415274053,
            "med": 0.029295,
            "max": 14.167226,
            "p(90)": 0.04004,
            "p(95)": 0.045595,
            "p(99)": 0.23450279999999885
        },
        "successful_requests": {
            "count": 230561,
            "rate": 960.6169364111469
        },
        "http_req_duration": {
            "p(95)": 255.097701,
            "p(99)": 258.9683984,
            "min": 50.740688,
            "avg": 227.6859336327535,
            "med": 253.04439,
            "max": 280.939005,
            "p(90)": 254.604625,
            "thresholds": {
                "p(95)<5000": false,
                "p(99)<10000": false
            }
        },
        "http_req_connecting": {
            "min": 0,
            "avg": 0.00044987983657253405,
            "med": 0,
            "max": 10.434859,
            "p(90)": 0,
            "p(95)": 0,
            "p(99)": 0
        },
        "iteration_duration": {
            "min": 50.873526,
            "avg": 227.8277598861988,
            "med": 253.181894,
            "max": 281.274873,
            "p(90)": 254.747812,
            "p(95)": 255.243132,
            "p(99)": 259.1403232
        },
        "checks": {
            "passes": 922244,
            "fails": 0,
            "thresholds": {
                "rate>0.95": false
            },
            "value": 1
        },
        "vus_max": {
            "min": 250,
            "max": 250,
            "value": 250
        },
        "iterations": {
            "count": 230561,
            "rate": 960.6169364111469
        },
        "http_req_tls_handshaking": {
            "min": 0,
            "avg": 0,
            "med": 0,
            "max": 0,
            "p(90)": 0,
            "p(95)": 0,
            "p(99)": 0
        },
        "http_reqs": {
            "count": 230561,
            "rate": 960.6169364111469
        },
        "http_req_duration{expected_response:true}": {
            "min": 50.740688,
            "avg": 227.6859336327535,
            "med": 253.04439,
            "max": 280.939005,
            "p(90)": 254.604625,
            "p(95)": 255.097701,
            "p(99)": 258.9683984
        },
        "vus": {
            "max": 250,
            "value": 2,
            "min": 2
        },
        "data_received": {
            "count": 50911904,
            "rate": 212121.03194962902
        }
    },
    "root_group": {
        "name": "",
        "path": "",
        "id": "d41d8cd98f00b204e9800998ecf8427e",
        "groups": {},
        "checks": {
                "status is 200": {
                    "path": "::status is 200",
                    "id": "6210a8cd14cd70477eba5c5e4cb3fb5f",
                    "passes": 230561,
                    "fails": 0,
                    "name": "status is 200"
                },
                "content-type is json": {
                    "name": "content-type is json",
                    "path": "::content-type is json",
                    "id": "c544ce8ea75d5205f66e0fea6489a1fb",
                    "passes": 230561,
                    "fails": 0
                },
                "workloadType is IO-BOUND": {
                    "name": "workloadType is IO-BOUND",
                    "path": "::workloadType is IO-BOUND",
                    "id": "2d06b45980f6a692d0e2ce7d70263fab",
                    "passes": 230561,
                    "fails": 0
                },
                "executionTimeMs exists": {
                    "id": "80a08d6da4eb3227ebf3a5e73e014c6f",
                    "passes": 230561,
                    "fails": 0,
                    "name": "executionTimeMs exists",
                    "path": "::executionTimeMs exists"
                }
            }
    }
}