{
    "root_group": {
        "groups": {},
        "checks": {
                "status is 200": {
                    "name": "status is 200",
                    "path": "::status is 200",
                    "id": "6210a8cd14cd70477eba5c5e4cb3fb5f",
                    "passes": 8113,
                    "fails": 0
                },
                "content-type is json": {
                    "name": "content-type is json",
                    "path": "::content-type is json",
                    "id": "c544ce8ea75d5205f66e0fea6489a1fb",
                    "passes": 8113,
                    "fails": 0
                },
                "workloadType is CPU-BOUND": {
                    "name": "workloadType is CPU-BOUND",
                    "path": "::workloadType is CPU-BOUND",
                    "id": "1adc3dbd34c164fc9242debc74fecbd5",
                    "passes": 8113,
                    "fails": 0
                },
                "executionTimeMs exists": {
                    "name": "executionTimeMs exists",
                    "path": "::executionTimeMs exists",
                    "id": "80a08d6da4eb3227ebf3a5e73e014c6f",
                    "passes": 8113,
                    "fails": 0
                }
            },
        "name": "",
        "path": "",
        "id": "d41d8cd98f00b204e9800998ecf8427e"
    },
    "metrics": {
        "http_req_blocked": {
            "med": 0.003021,
            "max": 0.564724,
            "p(90)": 0.004358,
            "p(95)": 0.004870199999999999,
            "p(99)": 0.36291756000000003,
            "min": 0.001761,
            "avg": 0.008071254283249136
        },
        "checks": {
            "passes": 32452,
            "fails": 0,
            "thresholds": {
                "rate>0.95": false
            },
            "value": 1
        },
        "http_reqs": {
            "count": 8113,
            "rate": 33.80219804622956
        },
        "data_sent": {
            "count": 649040,
            "rate": 2704.175843698365
        },
        "http_req_waiting": {
            "p(90)": 3193.81765,
            "p(95)": 3314.6359132000002,
            "p(99)": 3548.3853532800003,
            "min": 56.757648,
            "avg": 2601.5203587376973,
            "med": 2954.042044,
            "max": 6279.642821
        },
        "data_received": {
            "count": 1865061,
            "rate": 7770.634942721429
        },
        "response_time_ms": {
            "max": 6279.736516,
            "p(90)": 3193.8715044,
            "p(95)": 3314.6896712,
            "p(99)": 3548.4532140399997,
            "min": 56.814624,
            "avg": 2601.5802551226593,
            "med": 2954.091777
        },
        "http_req_connecting": {
            "med": 0,
            "max": 0.503507,
            "p(90)": 0,
            "p(95)": 0,
            "p(99)": 0.3047100000000001,
            "min": 0,
            "avg": 0.004056055836312092
        },
        "http_req_receiving": {
            "avg": 0.04490759435473929,
            "med": 0.043644,
            "max": 0.428715,
            "p(90)": 0.0553886,
            "p(95)": 0.05913939999999998,
            "p(99)": 0.06923284,
            "min": 0.019656
        },
        "vus_max": {
            "value": 100,
            "min": 100,
            "max": 100
        },
        "http_req_sending": {
            "med": 0.014452,
            "max": 0.408084,
            "p(90)": 0.0174544,
            "p(95)": 0.0191272,
            "p(99)": 0.04060452000000003,
            "min": 0.00579,
            "avg": 0.014988790583014888
        },
        "successful_requests": {
            "count": 8113,
            "rate": 33.80219804622956
        },
        "iteration_duration": {
            "max": 6280.447134,
            "p(90)": 3194.024588,
            "p(95)": 3314.8344948,
            "p(99)": 3548.6460041200003,
            "min": 56.949306,
            "avg": 2601.7486353614017,
            "med": 2954.246829
        },
        "iterations": {
            "count": 8113,
            "rate": 33.80219804622956
        },
        "vus": {
            "value": 1,
            "min": 1,
            "max": 100
        },
        "http_req_duration{expected_response:true}": {
            "max": 6279.736516,
            "p(90)": 3193.8715044,
            "p(95)": 3314.6896712,
            "p(99)": 3548.4532140399997,
            "min": 56.814624,
            "avg": 2601.5802551226593,
            "med": 2954.091777
        },
        "http_req_tls_handshaking": {
            "p(95)": 0,
            "p(99)": 0,
            "min": 0,
            "avg": 0,
            "med": 0,
            "max": 0,
            "p(90)": 0
        },
        "http_req_duration": {
            "p(90)": 3193.8715044,
            "p(95)": 3314.6896712,
            "p(99)": 3548.4532140399997,
            "min": 56.814624,
            "avg": 2601.5802551226593,
            "med": 2954.091777,
            "max": 6279.736516,
            "thresholds": {
                "p(95)<5000": false,
                "p(99)<10000": false
            }
        },
        "http_req_failed": {
            "passes": 0,
            "fails": 8113,
            "thresholds": {
                "rate<0.05": false
            },
            "value": 0
        }
    }
}