{
    "root_group": {
        "path": "",
        "id": "d41d8cd98f00b204e9800998ecf8427e",
        "groups": {},
        "checks": {
                "status is 200": {
                    "fails": 0,
                    "name": "status is 200",
                    "path": "::status is 200",
                    "id": "6210a8cd14cd70477eba5c5e4cb3fb5f",
                    "passes": 352784
                },
                "content-type is json": {
                    "name": "content-type is json",
                    "path": "::content-type is json",
                    "id": "c544ce8ea75d5205f66e0fea6489a1fb",
                    "passes": 352784,
                    "fails": 0
                },
                "workloadType is IO-BOUND": {
                    "name": "workloadType is IO-BOUND",
                    "path": "::workloadType is IO-BOUND",
                    "id": "2d06b45980f6a692d0e2ce7d70263fab",
                    "passes": 352784,
                    "fails": 0
                },
                "executionTimeMs exists": {
                    "name": "executionTimeMs exists",
                    "path": "::executionTimeMs exists",
                    "id": "80a08d6da4eb3227ebf3a5e73e014c6f",
                    "passes": 352784,
                    "fails": 0
                }
            },
        "name": ""
    },
    "metrics": {
        "http_req_sending": {
            "max": 14.958787,
            "p(90)": 0.014395,
            "p(95)": 0.018116849999999976,
            "p(99)": 0.047705339999999964,
            "min": 0.004315,
            "avg": 0.01468561613338464,
            "med": 0.008603
        },
        "http_req_duration{expected_response:true}": {
            "max": 691.87376,
            "p(90)": 610.0827576,
            "p(95)": 612.1221495,
            "p(99)": 619.40237375,
            "min": 50.754414,
            "avg": 561.4054696511757,
            "med": 607.1357869999999
        },
        "http_req_connecting": {
            "avg": 0.0005587236354256423,
            "med": 0,
            "max": 5.398975,
            "p(90)": 0,
            "p(95)": 0,
            "p(99)": 0,
            "min": 0
        },
        "http_req_receiving": {
            "min": 0.013008,
            "avg": 0.036885910358746714,
            "med": 0.031102,
            "max": 36.516534,
            "p(90)": 0.040351,
            "p(95)": 0.04553,
            "p(99)": 0.07480437999999977
        },
        "http_reqs": {
            "count": 352784,
            "rate": 979.9366358454321
        },
        "http_req_tls_handshaking": {
            "p(90)": 0,
            "p(95)": 0,
            "p(99)": 0,
            "min": 0,
            "avg": 0,
            "med": 0,
            "max": 0
        },
        "data_sent": {
            "count": 27869936,
            "rate": 77414.99423178914
        },
        "iterations": {
            "count": 352784,
            "rate": 979.9366358454321
        },
        "checks": {
            "fails": 0,
            "passes": 1411136,
            "thresholds": {
                "rate>0.95": false
            },
            "value": 1
        },
        "data_received": {
            "rate": 216436.89068116332,
            "count": 77918785
        },
        "http_req_waiting": {
            "p(99)": 619.3043660899999,
            "min": 50.71377,
            "avg": 561.3538981246876,
            "med": 607.0934735000001,
            "max": 667.876953,
            "p(90)": 610.0340381,
            "p(95)": 612.07006885
        },
        "http_req_duration": {
            "p(95)": 612.1221495,
            "p(99)": 619.40237375,
            "min": 50.754414,
            "avg": 561.4054696511757,
            "med": 607.1357869999999,
            "max": 691.87376,
            "p(90)": 610.0827576,
            "thresholds": {
                "p(99)<10000": false,
                "p(95)<5000": false
            }
        },
        "response_time_ms": {
            "med": 607.1357869999999,
            "max": 691.87376,
            "p(90)": 610.0827576,
            "p(95)": 612.1221495,
            "p(99)": 619.40237375,
            "min": 50.754414,
            "avg": 561.4054696511757
        },
        "iteration_duration": {
            "min": 50.867089,
            "avg": 561.5516048948422,
            "med": 607.2771135,
            "max": 692.031238,
            "p(90)": 610.2360232000001,
            "p(95)": 612.2736499,
            "p(99)": 619.5686846899999
        },
        "vus_max": {
            "value": 600,
            "min": 600,
            "max": 600
        },
        "http_req_failed": {
            "passes": 0,
            "fails": 352784,
            "thresholds": {
                "rate<0.05": false
            },
            "value": 0
        },
        "successful_requests": {
            "rate": 979.9366358454321,
            "count": 352784
        },
        "vus": {
            "value": 6,
            "min": 6,
            "max": 600
        },
        "http_req_blocked": {
            "max": 5.461559,
            "p(90)": 0.003544,
            "p(95)": 0.004104,
            "p(99)": 0.014433509999999952,
            "min": 0.001346,
            "avg": 0.003667957653975037,
            "med": 0.002695
        }
    }
}