{
    "root_group": {
        "id": "d41d8cd98f00b204e9800998ecf8427e",
        "groups": {},
        "checks": {
                "status is 200": {
                    "passes": 8106,
                    "fails": 0,
                    "name": "status is 200",
                    "path": "::status is 200",
                    "id": "6210a8cd14cd70477eba5c5e4cb3fb5f"
                },
                "content-type is json": {
                    "fails": 0,
                    "name": "content-type is json",
                    "path": "::content-type is json",
                    "id": "c544ce8ea75d5205f66e0fea6489a1fb",
                    "passes": 8106
                },
                "workloadType is CPU-BOUND": {
                    "passes": 8106,
                    "fails": 0,
                    "name": "workloadType is CPU-BOUND",
                    "path": "::workloadType is CPU-BOUND",
                    "id": "1adc3dbd34c164fc9242debc74fecbd5"
                },
                "executionTimeMs exists": {
                    "name": "executionTimeMs exists",
                    "path": "::executionTimeMs exists",
                    "id": "80a08d6da4eb3227ebf3a5e73e014c6f",
                    "passes": 8106,
                    "fails": 0
                }
            },
        "name": "",
        "path": ""
    },
    "metrics": {
        "http_req_tls_handshaking": {
            "p(95)": 0,
            "p(99)": 0,
            "min": 0,
            "avg": 0,
            "med": 0,
            "max": 0,
            "p(90)": 0
        },
        "data_received": {
            "count": 1863381,
            "rate": 7762.594336936919
        },
        "vus": {
            "value": 1,
            "min": 1,
            "max": 50
        },
        "http_req_duration": {
            "min": 56.832391,
            "avg": 1299.919287839757,
            "med": 1526.590921,
            "max": 3330.66548,
            "p(90)": 1763.773647,
            "p(95)": 1775.8136785,
            "p(99)": 1894.36598915,
            "thresholds": {
                "p(95)<5000": false,
                "p(99)<10000": false
            }
        },
        "http_req_blocked": {
            "p(90)": 0.004184500000000001,
            "p(95)": 0.00464875,
            "p(99)": 0.018461149999999996,
            "min": 0.001623,
            "avg": 0.005637663705896897,
            "med": 0.002903,
            "max": 0.471225
        },
        "http_req_sending": {
            "p(99)": 0.035670649999999846,
            "min": 0.005272,
            "avg": 0.014581888847767106,
            "med": 0.0141105,
            "max": 0.315647,
            "p(90)": 0.0167585,
            "p(95)": 0.01803725
        },
        "response_time_ms": {
            "p(99)": 1894.36598915,
            "min": 56.832391,
            "avg": 1299.919287839757,
            "med": 1526.590921,
            "max": 3330.66548,
            "p(90)": 1763.773647,
            "p(95)": 1775.8136785
        },
        "iterations": {
            "count": 8106,
            "rate": 33.76850450616952
        },
        "http_req_duration{expected_response:true}": {
            "p(95)": 1775.8136785,
            "p(99)": 1894.36598915,
            "min": 56.832391,
            "avg": 1299.919287839757,
            "med": 1526.590921,
            "max": 3330.66548,
            "p(90)": 1763.773647
        },
        "data_sent": {
            "rate": 2701.4803604935614,
            "count": 648480
        },
        "iteration_duration": {
            "avg": 1300.0786784647164,
            "med": 1526.7503305,
            "max": 3331.328381,
            "p(90)": 1763.9439025000001,
            "p(95)": 1775.9739335,
            "p(99)": 1894.5126123500002,
            "min": 56.964886
        },
        "vus_max": {
            "min": 50,
            "max": 50,
            "value": 50
        },
        "http_req_failed": {
            "passes": 0,
            "fails": 8106,
            "thresholds": {
                "rate<0.05": false
            },
            "value": 0
        },
        "http_req_waiting": {
            "avg": 1299.8619054385651,
            "med": 1526.5272245,
            "max": 3330.570042,
            "p(90)": 1763.7171905,
            "p(95)": 1775.75293675,
            "p(99)": 1894.30680525,
            "min": 56.780453
        },
        "http_req_receiving": {
            "med": 0.041412500000000005,
            "max": 0.330046,
            "p(90)": 0.052672,
            "p(95)": 0.0567175,
            "p(99)": 0.06670334999999997,
            "min": 0.019126,
            "avg": 0.04280051233654089
        },
        "successful_requests": {
            "count": 8106,
            "rate": 33.76850450616952
        },
        "http_reqs": {
            "rate": 33.76850450616952,
            "count": 8106
        },
        "http_req_connecting": {
            "med": 0,
            "max": 0.402484,
            "p(90)": 0,
            "p(95)": 0,
            "p(99)": 0,
            "min": 0,
            "avg": 0.002077311497656057
        },
        "checks": {
            "passes": 32424,
            "fails": 0,
            "thresholds": {
                "rate>0.95": false
            },
            "value": 1
        }
    }
}