{
    "metrics": {
        "response_time_ms": {
            "p(90)": 102.5196452,
            "p(95)": 102.89497779999999,
            "p(99)": 107.44566256,
            "min": 50.746651,
            "avg": 95.20378463633523,
            "med": 101.810061,
            "max": 120.535787
        },
        "iterations": {
            "count": 220429,
            "rate": 918.4266088859357
        },
        "http_req_receiving": {
            "min": 0.010803,
            "avg": 0.03635330466499364,
            "med": 0.025364,
            "max": 7.442639,
            "p(90)": 0.038889,
            "p(95)": 0.045919,
            "p(99)": 0.33916372
        },
        "data_sent": {
            "rate": 72555.70210198892,
            "count": 17413891
        },
        "data_received": {
            "count": 48644906,
            "rate": 202681.02680298468
        },
        "http_req_connecting": {
            "med": 0,
            "max": 0.610225,
            "p(90)": 0,
            "p(95)": 0,
            "p(99)": 0,
            "min": 0,
            "avg": 0.00014655298985160752
        },
        "vus_max": {
            "min": 100,
            "max": 100,
            "value": 100
        },
        "successful_requests": {
            "count": 220429,
            "rate": 918.4266088859357
        },
        "http_req_tls_handshaking": {
            "max": 0,
            "p(90)": 0,
            "p(95)": 0,
            "p(99)": 0,
            "min": 0,
            "avg": 0,
            "med": 0
        },
        "http_req_waiting": {
            "min": 50.716374,
            "avg": 95.15119538450902,
            "med": 101.77073,
            "max": 120.510736,
            "p(90)": 102.47734460000001,
            "p(95)": 102.83974719999999,
            "p(99)": 107.17003588
        },
        "http_req_blocked": {
            "min": 0.001297,
            "avg": 0.0031200653044744222,
            "med": 0.002622,
            "max": 1.101998,
            "p(90)": 0.00345,
            "p(95)": 0.004104,
            "p(99)": 0.014255440000000001
        },
        "iteration_duration": {
            "min": 50.839704,
            "avg": 95.34328978599497,
            "med": 101.947038,
            "max": 120.698475,
            "p(90)": 102.6570196,
            "p(95)": 103.03785459999999,
            "p(99)": 107.65151028
        },
        "checks": {
            "passes": 881716,
            "fails": 0,
            "thresholds": {
                "rate>0.95": false
            },
            "value": 1
        },
        "http_req_duration{expected_response:true}": {
            "p(90)": 102.5196452,
            "p(95)": 102.89497779999999,
            "p(99)": 107.44566256,
            "min": 50.746651,
            "avg": 95.20378463633523,
            "med": 101.810061,
            "max": 120.535787
        },
        "http_req_failed": {
            "passes": 0,
            "fails": 220429,
            "thresholds": {
                "rate<0.05": false
            },
            "value": 0
        },
        "http_reqs": {
            "count": 220429,
            "rate": 918.4266088859357
        },
        "http_req_sending": {
            "avg": 0.01623594716212508,
            "med": 0.008025,
            "max": 11.206761,
            "p(90)": 0.014267,
            "p(95)": 0.021183,
            "p(99)": 0.20172996,
            "min": 0.003855
        },
        "vus": {
            "value": 1,
            "min": 1,
            "max": 100
        },
        "http_req_duration": {
            "min": 50.746651,
            "avg": 95.20378463633523,
            "med": 101.810061,
            "max": 120.535787,
            "p(90)": 102.5196452,
            "p(95)": 102.89497779999999,
            "p(99)": 107.44566256,
            "thresholds": {
                "p(95)<5000": false,
                "p(99)<10000": false
            }
        }
    },
    "root_group": {
        "name": "",
        "path": "",
        "id": "d41d8cd98f00b204e9800998ecf8427e",
        "groups": {},
        "checks": {
                "status is 200": {
                    "name": "status is 200",
                    "path": "::status is 200",
                    "id": "6210a8cd14cd70477eba5c5e4cb3fb5f",
                    "passes": 220429,
                    "fails": 0
                },
                "content-type is json": {
                    "name": "content-type is json",
                    "path": "::content-type is json",
                    "id": "c544ce8ea75d5205f66e0fea6489a1fb",
                    "passes": 220429,
                    "fails": 0
                },
                "workloadType is IO-BOUND": {
                    "name": "workloadType is IO-BOUND",
                    "path": "::workloadType is IO-BOUND",
                    "id": "2d06b45980f6a692d0e2ce7d70263fab",
                    "passes": 220429,
                    "fails": 0
                },
                "executionTimeMs exists": {
                    "fails": 0,
                    "name": "executionTimeMs exists",
                    "path": "::executionTimeMs exists",
                    "id": "80a08d6da4eb3227ebf3a5e73e014c6f",
                    "passes": 220429
                }
            }
    }
}