{
    "metrics": {
        "http_req_duration{expected_response:true}": {
            "p(95)": 52.65561399999999,
            "p(99)": 56.12061322,
            "min": 50.764889,
            "avg": 51.70852441680681,
            "med": 51.564478,
            "max": 68.082426,
            "p(90)": 52.2651972
        },
        "http_req_tls_handshaking": {
            "avg": 0,
            "med": 0,
            "max": 0,
            "p(90)": 0,
            "p(95)": 0,
            "p(99)": 0,
            "min": 0
        },
        "data_received": {
            "count": 44593294,
            "rate": 185792.5069702427
        },
        "http_req_connecting": {
            "max": 0.48158,
            "p(90)": 0,
            "p(95)": 0,
            "p(99)": 0,
            "min": 0,
            "avg": 0.00007704149921843795,
            "med": 0
        },
        "http_req_sending": {
            "p(95)": 0.021465,
            "p(99)": 0.21349549999999973,
            "min": 0.003773,
            "avg": 0.01652280353453425,
            "med": 0.007861,
            "max": 16.978056,
            "p(90)": 0.0143
        },
        "vus_max": {
            "value": 50,
            "min": 50,
            "max": 50
        },
        "checks": {
            "passes": 811196,
            "fails": 0,
            "thresholds": {
                "rate>0.95": false
            },
            "value": 1
        },
        "http_req_blocked": {
            "p(95)": 0.004235,
            "p(99)": 0.01444101999999999,
            "min": 0.00132,
            "avg": 0.00304300661738964,
            "med": 0.002623,
            "max": 1.845741,
            "p(90)": 0.00359
        },
        "iterations": {
            "rate": 844.9372369993177,
            "count": 202799
        },
        "successful_requests": {
            "rate": 844.9372369993177,
            "count": 202799
        },
        "data_sent": {
            "count": 16021121,
            "rate": 66750.0417229461
        },
        "http_reqs": {
            "count": 202799,
            "rate": 844.9372369993177
        },
        "http_req_duration": {
            "avg": 51.70852441680681,
            "med": 51.564478,
            "max": 68.082426,
            "p(90)": 52.2651972,
            "p(95)": 52.65561399999999,
            "p(99)": 56.12061322,
            "min": 50.764889,
            "thresholds": {
                "p(95)<5000": false,
                "p(99)<10000": false
            }
        },
        "iteration_duration": {
            "avg": 51.847196195593014,
            "med": 51.704277,
            "max": 68.258209,
            "p(90)": 52.406131,
            "p(95)": 52.8015111,
            "p(99)": 56.30803768,
            "min": 50.875344
        },
        "http_req_failed": {
            "passes": 0,
            "fails": 202799,
            "thresholds": {
                "rate<0.05": false
            },
            "value": 0
        },
        "http_req_receiving": {
            "p(95)": 0.046494099999999976,
            "p(99)": 0.32382997999999946,
            "min": 0.010232,
            "avg": 0.03592124800911285,
            "med": 0.025583,
            "max": 11.467763,
            "p(90)": 0.03880520000000001
        },
        "response_time_ms": {
            "min": 50.764889,
            "avg": 51.70852441680681,
            "med": 51.564478,
            "max": 68.082426,
            "p(90)": 52.2651972,
            "p(95)": 52.65561399999999,
            "p(99)": 56.12061322
        },
        "vus": {
            "min": 1,
            "max": 50,
            "value": 1
        },
        "http_req_waiting": {
            "min": 50.729752,
            "avg": 51.656080365263904,
            "med": 51.521775,
            "max": 68.053191,
            "p(90)": 52.219829000000004,
            "p(95)": 52.588387,
            "p(99)": 55.9088176
        }
    },
    "root_group": {
        "name": "",
        "path": "",
        "id": "d41d8cd98f00b204e9800998ecf8427e",
        "groups": {},
        "checks": {
                "status is 200": {
                    "passes": 202799,
                    "fails": 0,
                    "name": "status is 200",
                    "path": "::status is 200",
                    "id": "6210a8cd14cd70477eba5c5e4cb3fb5f"
                },
                "content-type is json": {
                    "name": "content-type is json",
                    "path": "::content-type is json",
                    "id": "c544ce8ea75d5205f66e0fea6489a1fb",
                    "passes": 202799,
                    "fails": 0
                },
                "workloadType is IO-BOUND": {
                    "name": "workloadType is IO-BOUND",
                    "path": "::workloadType is IO-BOUND",
                    "id": "2d06b45980f6a692d0e2ce7d70263fab",
                    "passes": 202799,
                    "fails": 0
                },
                "executionTimeMs exists": {
                    "fails": 0,
                    "name": "executionTimeMs exists",
                    "path": "::executionTimeMs exists",
                    "id": "80a08d6da4eb3227ebf3a5e73e014c6f",
                    "passes": 202799
                }
            }
    }
}