{
    "root_group": {
        "path": "",
        "id": "d41d8cd98f00b204e9800998ecf8427e",
        "groups": {},
        "checks": {
                "status is 200": {
                    "name": "status is 200",
                    "path": "::status is 200",
                    "id": "6210a8cd14cd70477eba5c5e4cb3fb5f",
                    "passes": 205023,
                    "fails": 0
                },
                "content-type is json": {
                    "id": "c544ce8ea75d5205f66e0fea6489a1fb",
                    "passes": 205023,
                    "fails": 0,
                    "name": "content-type is json",
                    "path": "::content-type is json"
                },
                "workloadType is IO-BOUND": {
                    "name": "workloadType is IO-BOUND",
                    "path": "::workloadType is IO-BOUND",
                    "id": "2d06b45980f6a692d0e2ce7d70263fab",
                    "passes": 205023,
                    "fails": 0
                },
                "executionTimeMs exists": {
                    "passes": 205023,
                    "fails": 0,
                    "name": "executionTimeMs exists",
                    "path": "::executionTimeMs exists",
                    "id": "80a08d6da4eb3227ebf3a5e73e014c6f"
                }
            },
        "name": ""
    },
    "metrics": {
        "iteration_duration": {
            "p(95)": 51.9334095,
            "p(99)": 53.50138512,
            "min": 50.786083,
            "avg": 51.28530409973557,
            "med": 51.144571,
            "max": 63.285942,
            "p(90)": 51.664955
        },
        "vus": {
            "value": 1,
            "min": 1,
            "max": 50
        },
        "vus_max": {
            "value": 50,
            "min": 50,
            "max": 50
        },
        "http_req_connecting": {
            "med": 0,
            "max": 0.402194,
            "p(90)": 0,
            "p(95)": 0,
            "p(99)": 0,
            "min": 0,
            "avg": 0.00007431191622403338
        },
        "http_req_waiting": {
            "p(99)": 53.12528212,
            "min": 50.661254,
            "avg": 51.11467546677637,
            "med": 50.978818,
            "max": 62.786413,
            "p(90)": 51.4807236,
            "p(95)": 51.741689199999996
        },
        "data_sent": {
            "count": 16196817,
            "rate": 67483.03725941617
        },
        "http_req_tls_handshaking": {
            "avg": 0,
            "med": 0,
            "max": 0,
            "p(90)": 0,
            "p(95)": 0,
            "p(99)": 0,
            "min": 0
        },
        "http_req_receiving": {
            "avg": 0.03209255692775907,
            "med": 0.028784,
            "max": 5.289807,
            "p(90)": 0.035945,
            "p(95)": 0.041296,
            "p(99)": 0.19025058,
            "min": 0.010455
        },
        "iterations": {
            "count": 205023,
            "rate": 854.2156615115972
        },
        "data_received": {
            "count": 45082346,
            "rate": 187832.80905500703
        },
        "http_req_blocked": {
            "p(95)": 0.003841,
            "p(99)": 0.012551,
            "min": 0.001278,
            "avg": 0.0027686714905156853,
            "med": 0.002483,
            "max": 0.451487,
            "p(90)": 0.003212
        },
        "response_time_ms": {
            "p(99)": 53.31674512,
            "min": 50.687437,
            "avg": 51.159722205245025,
            "med": 51.0202,
            "max": 63.093165,
            "p(90)": 51.528415200000005,
            "p(95)": 51.7923951
        },
        "http_req_duration": {
            "max": 63.093165,
            "p(90)": 51.528415200000005,
            "p(95)": 51.7923951,
            "p(99)": 53.31674512,
            "min": 50.687437,
            "avg": 51.159722205245025,
            "med": 51.0202,
            "thresholds": {
                "p(99)<10000": false,
                "p(95)<5000": false
            }
        },
        "http_req_sending": {
            "p(99)": 0.15559311999999992,
            "min": 0.003868,
            "avg": 0.01295418154060746,
            "med": 0.007585,
            "max": 7.365278,
            "p(90)": 0.013351,
            "p(95)": 0.016986899999999992
        },
        "checks": {
            "passes": 820092,
            "fails": 0,
            "thresholds": {
                "rate>0.95": false
            },
            "value": 1
        },
        "http_req_failed": {
            "passes": 0,
            "fails": 205023,
            "thresholds": {
                "rate<0.05": false
            },
            "value": 0
        },
        "http_reqs": {
            "rate": 854.2156615115972,
            "count": 205023
        },
        "http_req_duration{expected_response:true}": {
            "min": 50.687437,
            "avg": 51.159722205245025,
            "med": 51.0202,
            "max": 63.093165,
            "p(90)": 51.528415200000005,
            "p(95)": 51.7923951,
            "p(99)": 53.31674512
        },
        "successful_requests": {
            "count": 205023,
            "rate": 854.2156615115972
        }
    }
}