{
    "metrics": {
        "http_req_duration": {
            "med": 2241.5053565,
            "max": 4889.745178,
            "p(90)": 2487.971983,
            "p(95)": 2602.4581273,
            "p(99)": 2723.94647077,
            "min": 56.776591,
            "avg": 1947.9981954790492,
            "thresholds": {
                "p(95)<5000": false,
                "p(99)<10000": false
            }
        },
        "http_req_waiting": {
            "p(90)": 2487.8971618,
            "p(95)": 2602.40416785,
            "p(99)": 2723.88209456,
            "min": 56.728842,
            "avg": 1947.9400785785072,
            "med": 2241.4560655,
            "max": 4889.602453
        },
        "vus_max": {
            "value": 75,
            "min": 75,
            "max": 75
        },
        "http_req_connecting": {
            "med": 0,
            "max": 1.441541,
            "p(90)": 0,
            "p(95)": 0,
            "p(99)": 0,
            "min": 0,
            "avg": 0.003188151836332264
        },
        "http_req_sending": {
            "p(95)": 0.018292449999999984,
            "p(99)": 0.039308729999999965,
            "min": 0.005899,
            "avg": 0.014968973995563215,
            "med": 0.014409,
            "max": 0.308938,
            "p(90)": 0.0170413
        },
        "data_sent": {
            "count": 649120,
            "rate": 2704.434546063741
        },
        "http_req_failed": {
            "passes": 0,
            "fails": 8114,
            "thresholds": {
                "rate<0.05": false
            },
            "value": 0
        },
        "http_req_blocked": {
            "min": 0.00183,
            "avg": 0.0069270097362583724,
            "med": 0.002893,
            "max": 1.514924,
            "p(90)": 0.0042237,
            "p(95)": 0.004737699999999999,
            "p(99)": 0.03856089999999984
        },
        "successful_requests": {
            "count": 8114,
            "rate": 33.80543182579676
        },
        "data_received": {
            "count": 1865288,
            "rate": 7771.366319876361
        },
        "checks": {
            "passes": 32456,
            "fails": 0,
            "thresholds": {
                "rate>0.95": false
            },
            "value": 1
        },
        "http_req_receiving": {
            "min": 0.018581,
            "avg": 0.043147926546709216,
            "med": 0.041498999999999994,
            "max": 0.163409,
            "p(90)": 0.0531767,
            "p(95)": 0.05635864999999999,
            "p(99)": 0.06626145
        },
        "iterations": {
            "rate": 33.80543182579676,
            "count": 8114
        },
        "vus": {
            "value": 1,
            "min": 1,
            "max": 75
        },
        "http_req_duration{expected_response:true}": {
            "avg": 1947.9981954790492,
            "med": 2241.5053565,
            "max": 4889.745178,
            "p(90)": 2487.971983,
            "p(95)": 2602.4581273,
            "p(99)": 2723.94647077,
            "min": 56.776591
        },
        "http_reqs": {
            "count": 8114,
            "rate": 33.80543182579676
        },
        "http_req_tls_handshaking": {
            "p(95)": 0,
            "p(99)": 0,
            "min": 0,
            "avg": 0,
            "med": 0,
            "max": 0,
            "p(90)": 0
        },
        "response_time_ms": {
            "min": 56.776591,
            "avg": 1947.9981954790492,
            "med": 2241.5053565,
            "max": 4889.745178,
            "p(90)": 2487.971983,
            "p(95)": 2602.4581273,
            "p(99)": 2723.94647077
        },
        "iteration_duration": {
            "p(99)": 2724.08645518,
            "min": 56.953053,
            "avg": 1948.1591959190287,
            "med": 2241.6718570000003,
            "max": 4890.465261,
            "p(90)": 2488.1324654,
            "p(95)": 2602.5999419
        }
    },
    "root_group": {
        "groups": {},
        "checks": {
                "status is 200": {
                    "path": "::status is 200",
                    "id": "6210a8cd14cd70477eba5c5e4cb3fb5f",
                    "passes": 8114,
                    "fails": 0,
                    "name": "status is 200"
                },
                "content-type is json": {
                    "name": "content-type is json",
                    "path": "::content-type is json",
                    "id": "c544ce8ea75d5205f66e0fea6489a1fb",
                    "passes": 8114,
                    "fails": 0
                },
                "workloadType is CPU-BOUND": {
                    "name": "workloadType is CPU-BOUND",
                    "path": "::workloadType is CPU-BOUND",
                    "id": "1adc3dbd34c164fc9242debc74fecbd5",
                    "passes": 8114,
                    "fails": 0
                },
                "executionTimeMs exists": {
                    "name": "executionTimeMs exists",
                    "path": "::executionTimeMs exists",
                    "id": "80a08d6da4eb3227ebf3a5e73e014c6f",
                    "passes": 8114,
                    "fails": 0
                }
            },
        "name": "",
        "path": "",
        "id": "d41d8cd98f00b204e9800998ecf8427e"
    }
}