{
    "root_group": {
        "name": "",
        "path": "",
        "id": "d41d8cd98f00b204e9800998ecf8427e",
        "groups": {},
        "checks": {
                "status is 200": {
                    "fails": 0,
                    "name": "status is 200",
                    "path": "::status is 200",
                    "id": "6210a8cd14cd70477eba5c5e4cb3fb5f",
                    "passes": 8029
                },
                "content-type is json": {
                    "name": "content-type is json",
                    "path": "::content-type is json",
                    "id": "c544ce8ea75d5205f66e0fea6489a1fb",
                    "passes": 8029,
                    "fails": 0
                },
                "workloadType is CPU-BOUND": {
                    "name": "workloadType is CPU-BOUND",
                    "path": "::workloadType is CPU-BOUND",
                    "id": "1adc3dbd34c164fc9242debc74fecbd5",
                    "passes": 8029,
                    "fails": 0
                },
                "executionTimeMs exists": {
                    "name": "executionTimeMs exists",
                    "path": "::executionTimeMs exists",
                    "id": "80a08d6da4eb3227ebf3a5e73e014c6f",
                    "passes": 8029,
                    "fails": 0
                }
            }
    },
    "metrics": {
        "vus_max": {
            "value": 10,
            "min": 10,
            "max": 10
        },
        "http_req_duration": {
            "avg": 263.34744401407494,
            "med": 236.702275,
            "max": 621.821865,
            "p(90)": 356.32432239999997,
            "p(95)": 361.12940499999996,
            "p(99)": 475.3005876000001,
            "min": 56.628036,
            "thresholds": {
                "p(95)<5000": false,
                "p(99)<10000": false
            }
        },
        "vus": {
            "value": 1,
            "min": 1,
            "max": 10
        },
        "http_req_waiting": {
            "p(90)": 356.26129380000003,
            "p(95)": 361.0690596,
            "p(99)": 475.24590756000003,
            "min": 56.56295,
            "avg": 263.288284341886,
            "med": 236.650153,
            "max": 621.715168
        },
        "http_req_connecting": {
            "p(90)": 0,
            "p(95)": 0,
            "p(99)": 0,
            "min": 0,
            "avg": 0.0003879607672188318,
            "med": 0,
            "max": 0.334476
        },
        "data_received": {
            "count": 1845355,
            "rate": 7687.368233746242
        },
        "http_req_receiving": {
            "min": 0.015615,
            "avg": 0.04338991157055667,
            "med": 0.041515,
            "max": 0.533259,
            "p(90)": 0.0540656,
            "p(95)": 0.05804719999999999,
            "p(99)": 0.06771012000000003
        },
        "data_sent": {
            "rate": 2675.77260955203,
            "count": 642320
        },
        "http_req_tls_handshaking": {
            "p(90)": 0,
            "p(95)": 0,
            "p(99)": 0,
            "min": 0,
            "avg": 0,
            "med": 0,
            "max": 0
        },
        "http_reqs": {
            "count": 8029,
            "rate": 33.44715761940038
        },
        "http_req_duration{expected_response:true}": {
            "min": 56.628036,
            "avg": 263.34744401407494,
            "med": 236.702275,
            "max": 621.821865,
            "p(90)": 356.32432239999997,
            "p(95)": 361.12940499999996,
            "p(99)": 475.3005876000001
        },
        "iterations": {
            "count": 8029,
            "rate": 33.44715761940038
        },
        "iteration_duration": {
            "avg": 263.5068506741811,
            "med": 236.872543,
            "max": 622.821854,
            "p(90)": 356.4721144,
            "p(95)": 361.2974076,
            "p(99)": 475.4681614400001,
            "min": 56.785506
        },
        "http_req_sending": {
            "med": 0.014494,
            "max": 0.491805,
            "p(90)": 0.017012,
            "p(95)": 0.018042399999999997,
            "p(99)": 0.03452876000000015,
            "min": 0.00547,
            "avg": 0.01576976061776059
        },
        "successful_requests": {
            "count": 8029,
            "rate": 33.44715761940038
        },
        "http_req_failed": {
            "passes": 0,
            "fails": 8029,
            "thresholds": {
                "rate<0.05": false
            },
            "value": 0
        },
        "http_req_blocked": {
            "avg": 0.0037489855523726336,
            "med": 0.003002,
            "max": 0.413729,
            "p(90)": 0.004301,
            "p(95)": 0.004773599999999999,
            "p(99)": 0.006499320000000001,
            "min": 0.001755
        },
        "response_time_ms": {
            "p(95)": 361.12940499999996,
            "p(99)": 475.3005876000001,
            "min": 56.628036,
            "avg": 263.34744401407494,
            "med": 236.702275,
            "max": 621.821865,
            "p(90)": 356.32432239999997
        },
        "checks": {
            "passes": 32116,
            "fails": 0,
            "thresholds": {
                "rate>0.95": false
            },
            "value": 1
        }
    }
}