{
    "metrics": {
        "vus": {
            "max": 300,
            "value": 2,
            "min": 2
        },
        "http_req_duration": {
            "avg": 281.9062606046556,
            "med": 302.621641,
            "max": 1830.285349,
            "p(90)": 454.618248,
            "p(95)": 456.596077,
            "p(99)": 610.155487,
            "min": 50.557528,
            "thresholds": {
                "p(95)<5000": false,
                "p(99)<10000": false
            }
        },
        "iteration_duration": {
            "min": 50.680813,
            "avg": 282.06294066345157,
            "med": 302.769427,
            "max": 1830.451363,
            "p(90)": 454.768228,
            "p(95)": 456.766272,
            "p(99)": 610.3306202
        },
        "http_req_blocked": {
            "min": 0.001316,
            "avg": 0.008357034261693291,
            "med": 0.002741,
            "max": 21.96487,
            "p(90)": 0.003709,
            "p(95)": 0.004585,
            "p(99)": 0.2789331999999985
        },
        "http_req_sending": {
            "min": 0.00448,
            "avg": 0.015863435601972106,
            "med": 0.008652,
            "max": 14.820953,
            "p(90)": 0.015621,
            "p(95)": 0.023064,
            "p(99)": 0.17681979999999964
        },
        "iterations": {
            "count": 351121,
            "rate": 975.2275231482952
        },
        "data_received": {
            "count": 97559093,
            "rate": 270967.3093520017
        },
        "http_req_failed": {
            "passes": 0,
            "fails": 351121,
            "thresholds": {
                "rate<0.05": false
            },
            "value": 0
        },
        "http_reqs": {
            "rate": 975.2275231482952,
            "count": 351121
        },
        "successful_requests": {
            "count": 351121,
            "rate": 975.2275231482952
        },
        "data_sent": {
            "count": 27738559,
            "rate": 77042.97432871533
        },
        "checks": {
            "passes": 1404484,
            "fails": 0,
            "thresholds": {
                "rate>0.95": false
            },
            "value": 1
        },
        "http_req_connecting": {
            "p(95)": 0,
            "p(99)": 0.23633859999999987,
            "min": 0,
            "avg": 0.004733216483776248,
            "med": 0,
            "max": 21.406619,
            "p(90)": 0
        },
        "http_req_tls_handshaking": {
            "med": 0,
            "max": 0,
            "p(90)": 0,
            "p(95)": 0,
            "p(99)": 0,
            "min": 0,
            "avg": 0
        },
        "http_req_duration{expected_response:true}": {
            "med": 302.621641,
            "max": 1830.285349,
            "p(90)": 454.618248,
            "p(95)": 456.596077,
            "p(99)": 610.155487,
            "min": 50.557528,
            "avg": 281.9062606046556
        },
        "response_time_ms": {
            "max": 1830.285349,
            "p(90)": 454.618248,
            "p(95)": 456.596077,
            "p(99)": 610.155487,
            "min": 50.557528,
            "avg": 281.9062606046556,
            "med": 302.621641
        },
        "http_req_waiting": {
            "p(90)": 454.524962,
            "p(95)": 456.497368,
            "p(99)": 610.0597118000001,
            "min": 50.484904,
            "avg": 281.8030089356143,
            "med": 302.535111,
            "max": 1830.204285
        },
        "http_req_receiving": {
            "med": 0.045665,
            "max": 19.567396,
            "p(90)": 0.212594,
            "p(95)": 0.279287,
            "p(99)": 0.4954863999999999,
            "min": 0.011916,
            "avg": 0.08738823343804354
        },
        "vus_max": {
            "value": 300,
            "min": 300,
            "max": 300
        }
    },
    "root_group": {
        "name": "",
        "path": "",
        "id": "d41d8cd98f00b204e9800998ecf8427e",
        "groups": {},
        "checks": {
                "status is 200": {
                    "name": "status is 200",
                    "path": "::status is 200",
                    "id": "6210a8cd14cd70477eba5c5e4cb3fb5f",
                    "passes": 351121,
                    "fails": 0
                },
                "content-type is json": {
                    "name": "content-type is json",
                    "path": "::content-type is json",
                    "id": "c544ce8ea75d5205f66e0fea6489a1fb",
                    "passes": 351121,
                    "fails": 0
                },
                "workloadType is IO-BOUND": {
                    "path": "::workloadType is IO-BOUND",
                    "id": "2d06b45980f6a692d0e2ce7d70263fab",
                    "passes": 351121,
                    "fails": 0,
                    "name": "workloadType is IO-BOUND"
                },
                "executionTimeMs exists": {
                    "name": "executionTimeMs exists",
                    "path": "::executionTimeMs exists",
                    "id": "80a08d6da4eb3227ebf3a5e73e014c6f",
                    "passes": 351121,
                    "fails": 0
                }
            }
    }
}