{
    "root_group": {
        "groups": {},
        "checks": {
                "status is 200": {
                    "id": "6210a8cd14cd70477eba5c5e4cb3fb5f",
                    "passes": 221506,
                    "fails": 0,
                    "name": "status is 200",
                    "path": "::status is 200"
                },
                "content-type is json": {
                    "id": "c544ce8ea75d5205f66e0fea6489a1fb",
                    "passes": 221506,
                    "fails": 0,
                    "name": "content-type is json",
                    "path": "::content-type is json"
                },
                "workloadType is IO-BOUND": {
                    "passes": 221506,
                    "fails": 0,
                    "name": "workloadType is IO-BOUND",
                    "path": "::workloadType is IO-BOUND",
                    "id": "2d06b45980f6a692d0e2ce7d70263fab"
                },
                "executionTimeMs exists": {
                    "name": "executionTimeMs exists",
                    "path": "::executionTimeMs exists",
                    "id": "80a08d6da4eb3227ebf3a5e73e014c6f",
                    "passes": 221506,
                    "fails": 0
                }
            },
        "name": "",
        "path": "",
        "id": "d41d8cd98f00b204e9800998ecf8427e"
    },
    "metrics": {
        "http_req_connecting": {
            "max": 12.786876,
            "p(90)": 0,
            "p(95)": 0,
            "p(99)": 0.23356645000000828,
            "min": 0,
            "avg": 0.005265828749559824,
            "med": 0
        },
        "http_reqs": {
            "rate": 922.9333514255715,
            "count": 221506
        },
        "http_req_blocked": {
            "min": 0.001298,
            "avg": 0.009129436340324395,
            "med": 0.002696,
            "max": 13.080672,
            "p(90)": 0.003767,
            "p(95)": 0.00488175,
            "p(99)": 0.28161040000000126
        },
        "http_req_sending": {
            "med": 0.008246,
            "max": 13.154623,
            "p(90)": 0.016617,
            "p(95)": 0.02464275,
            "p(99)": 0.23958390000000096,
            "min": 0.003979,
            "avg": 0.019265240408838022
        },
        "http_req_receiving": {
            "min": 0.010341,
            "avg": 0.10586871332153572,
            "med": 0.0380865,
            "max": 12.857384,
            "p(90)": 0.275191,
            "p(95)": 0.3808785,
            "p(99)": 0.7279710500000011
        },
        "data_sent": {
            "count": 17498974,
            "rate": 72911.73476262015
        },
        "http_req_failed": {
            "passes": 0,
            "fails": 221506,
            "thresholds": {
                "rate<0.05": false
            },
            "value": 0
        },
        "http_req_waiting": {
            "avg": 94.59410239867275,
            "med": 100.9649725,
            "max": 552.099514,
            "p(90)": 151.5143165,
            "p(95)": 177.20484875,
            "p(99)": 251.23651635000002,
            "min": 50.505304
        },
        "response_time_ms": {
            "p(99)": 251.32622775000002,
            "min": 50.579234,
            "avg": 94.71923635240618,
            "med": 101.05954299999999,
            "max": 552.135623,
            "p(90)": 151.6258605,
            "p(95)": 177.26285125
        },
        "http_req_tls_handshaking": {
            "med": 0,
            "max": 0,
            "p(90)": 0,
            "p(95)": 0,
            "p(99)": 0,
            "min": 0,
            "avg": 0
        },
        "iterations": {
            "count": 221506,
            "rate": 922.9333514255715
        },
        "checks": {
            "passes": 886024,
            "fails": 0,
            "thresholds": {
                "rate>0.95": false
            },
            "value": 1
        },
        "data_received": {
            "count": 61277141,
            "rate": 255319.1205155043
        },
        "vus_max": {
            "value": 100,
            "min": 100,
            "max": 100
        },
        "iteration_duration": {
            "min": 50.696038,
            "avg": 94.8796932058862,
            "med": 101.209183,
            "max": 552.280288,
            "p(90)": 151.781985,
            "p(95)": 177.829116,
            "p(99)": 251.47404505
        },
        "successful_requests": {
            "count": 221506,
            "rate": 922.9333514255715
        },
        "http_req_duration": {
            "p(99)": 251.32622775000002,
            "min": 50.579234,
            "avg": 94.71923635240618,
            "med": 101.05954299999999,
            "max": 552.135623,
            "p(90)": 151.6258605,
            "p(95)": 177.26285125,
            "thresholds": {
                "p(95)<5000": false,
                "p(99)<10000": false
            }
        },
        "http_req_duration{expected_response:true}": {
            "min": 50.579234,
            "avg": 94.71923635240618,
            "med": 101.05954299999999,
            "max": 552.135623,
            "p(90)": 151.6258605,
            "p(95)": 177.26285125,
            "p(99)": 251.32622775000002
        },
        "vus": {
            "value": 1,
            "min": 1,
            "max": 100
        }
    }
}