{
    "metrics": {
        "http_req_receiving": {
            "med": 0.0836455,
            "max": 60.164449,
            "p(90)": 0.14541,
            "p(95)": 0.2705509,
            "p(99)": 12.134118339999999,
            "min": 0.023272,
            "avg": 0.40063657084855914
        },
        "http_req_failed": {
            "passes": 0,
            "fails": 9852,
            "thresholds": {
                "rate<0.05": false
            },
            "value": 0
        },
        "http_req_duration{expected_response:true}": {
            "avg": 427.9725699535127,
            "med": 463.853278,
            "max": 734.253251,
            "p(90)": 555.4048074,
            "p(95)": 581.5210908499998,
            "p(99)": 627.2575558899999,
            "min": 46.231587
        },
        "iterations": {
            "count": 9852,
            "rate": 41.045512151084445
        },
        "checks": {
            "passes": 39408,
            "fails": 0,
            "thresholds": {
                "rate>0.95": false
            },
            "value": 1
        },
        "data_received": {
            "count": 2817755,
            "rate": 11739.362270734771
        },
        "vus": {
            "min": 1,
            "max": 20,
            "value": 1
        },
        "response_time_ms": {
            "med": 463.853278,
            "max": 734.253251,
            "p(90)": 555.4048074,
            "p(95)": 581.5210908499998,
            "p(99)": 627.2575558899999,
            "min": 46.231587,
            "avg": 427.9725699535127
        },
        "iteration_duration": {
            "p(90)": 555.6597233,
            "p(95)": 581.7097870499998,
            "p(99)": 627.4473292,
            "min": 46.391283,
            "avg": 428.1571179541204,
            "med": 464.057973,
            "max": 734.441825
        },
        "http_req_tls_handshaking": {
            "p(90)": 0,
            "p(95)": 0,
            "p(99)": 0,
            "min": 0,
            "avg": 0,
            "med": 0,
            "max": 0
        },
        "data_sent": {
            "count": 788160,
            "rate": 3283.640972086756
        },
        "http_req_connecting": {
            "max": 2.80259,
            "p(90)": 0,
            "p(95)": 0,
            "p(99)": 0.2649324499999999,
            "min": 0,
            "avg": 0.003667952090946001,
            "med": 0
        },
        "http_req_waiting": {
            "med": 463.56637750000004,
            "max": 734.14742,
            "p(90)": 554.8673912999999,
            "p(95)": 580.8930747499998,
            "p(99)": 627.13286406,
            "min": 46.149496,
            "avg": 427.55567755603045
        },
        "http_req_duration": {
            "p(95)": 581.5210908499998,
            "p(99)": 627.2575558899999,
            "min": 46.231587,
            "avg": 427.9725699535127,
            "med": 463.853278,
            "max": 734.253251,
            "p(90)": 555.4048074,
            "thresholds": {
                "p(95)<5000": false,
                "p(99)<10000": false
            }
        },
        "vus_max": {
            "value": 20,
            "min": 20,
            "max": 20
        },
        "http_req_blocked": {
            "med": 0.003327,
            "max": 3.129299,
            "p(90)": 0.0047079,
            "p(95)": 0.0052238999999999975,
            "p(99)": 0.32425925999999966,
            "min": 0.001783,
            "avg": 0.00794630633373933
        },
        "http_reqs": {
            "count": 9852,
            "rate": 41.045512151084445
        },
        "http_req_sending": {
            "p(99)": 0.036215899999999954,
            "min": 0.005748,
            "avg": 0.016255826634185917,
            "med": 0.0156455,
            "max": 0.50559,
            "p(90)": 0.018477900000000002,
            "p(95)": 0.02002545
        },
        "successful_requests": {
            "rate": 41.045512151084445,
            "count": 9852
        }
    },
    "root_group": {
        "groups": {},
        "checks": {
                "status is 200": {
                    "name": "status is 200",
                    "path": "::status is 200",
                    "id": "6210a8cd14cd70477eba5c5e4cb3fb5f",
                    "passes": 9852,
                    "fails": 0
                },
                "content-type is json": {
                    "path": "::content-type is json",
                    "id": "c544ce8ea75d5205f66e0fea6489a1fb",
                    "passes": 9852,
                    "fails": 0,
                    "name": "content-type is json"
                },
                "workloadType is CPU-BOUND": {
                    "name": "workloadType is CPU-BOUND",
                    "path": "::workloadType is CPU-BOUND",
                    "id": "1adc3dbd34c164fc9242debc74fecbd5",
                    "passes": 9852,
                    "fails": 0
                },
                "executionTimeMs exists": {
                    "name": "executionTimeMs exists",
                    "path": "::executionTimeMs exists",
                    "id": "80a08d6da4eb3227ebf3a5e73e014c6f",
                    "passes": 9852,
                    "fails": 0
                }
            },
        "name": "",
        "path": "",
        "id": "d41d8cd98f00b204e9800998ecf8427e"
    }
}