{
    "root_group": {
        "name": "",
        "path": "",
        "id": "d41d8cd98f00b204e9800998ecf8427e",
        "groups": {},
        "checks": {
                "status is 200": {
                    "name": "status is 200",
                    "path": "::status is 200",
                    "id": "6210a8cd14cd70477eba5c5e4cb3fb5f",
                    "passes": 350619,
                    "fails": 0
                },
                "content-type is json": {
                    "name": "content-type is json",
                    "path": "::content-type is json",
                    "id": "c544ce8ea75d5205f66e0fea6489a1fb",
                    "passes": 350619,
                    "fails": 0
                },
                "workloadType is IO-BOUND": {
                    "path": "::workloadType is IO-BOUND",
                    "id": "2d06b45980f6a692d0e2ce7d70263fab",
                    "passes": 350619,
                    "fails": 0,
                    "name": "workloadType is IO-BOUND"
                },
                "executionTimeMs exists": {
                    "path": "::executionTimeMs exists",
                    "id": "80a08d6da4eb3227ebf3a5e73e014c6f",
                    "passes": 350619,
                    "fails": 0,
                    "name": "executionTimeMs exists"
                }
            }
    },
    "metrics": {
        "iteration_duration": {
            "p(99)": 760.6223234,
            "min": 50.667629,
            "avg": 282.471680624432,
            "med": 302.861931,
            "max": 1830.866364,
            "p(90)": 456.2745404,
            "p(95)": 474.20254919999894
        },
        "checks": {
            "passes": 1402476,
            "fails": 0,
            "thresholds": {
                "rate>0.95": false
            },
            "value": 1
        },
        "response_time_ms": {
            "avg": 282.3148558070055,
            "med": 302.715219,
            "max": 1830.754549,
            "p(90)": 456.1186706,
            "p(95)": 473.9051192999999,
            "p(99)": 760.4597312,
            "min": 50.547025
        },
        "http_req_failed": {
            "fails": 350619,
            "passes": 0,
            "thresholds": {
                "rate<0.05": false
            },
            "value": 0
        },
        "http_req_connecting": {
            "p(99)": 0.2361214600000007,
            "min": 0,
            "avg": 0.004897321902121678,
            "med": 0,
            "max": 15.443481,
            "p(90)": 0,
            "p(95)": 0
        },
        "http_req_sending": {
            "max": 26.431565,
            "p(90)": 0.015356,
            "p(95)": 0.022332,
            "p(99)": 0.17419328000000037,
            "min": 0.004326,
            "avg": 0.015918665816741805,
            "med": 0.008409
        },
        "http_req_tls_handshaking": {
            "min": 0,
            "avg": 0,
            "med": 0,
            "max": 0,
            "p(90)": 0,
            "p(95)": 0,
            "p(99)": 0
        },
        "vus_max": {
            "value": 300,
            "min": 300,
            "max": 300
        },
        "http_req_blocked": {
            "avg": 0.008495004549097544,
            "med": 0.002714,
            "max": 15.697091,
            "p(90)": 0.003589,
            "p(95)": 0.00451,
            "p(99)": 0.2777231800000007,
            "min": 0.0013
        },
        "data_sent": {
            "count": 27698901,
            "rate": 76934.9590443424
        },
        "successful_requests": {
            "count": 350619,
            "rate": 973.8602410676252
        },
        "iterations": {
            "rate": 973.8602410676252,
            "count": 350619
        },
        "http_reqs": {
            "rate": 973.8602410676252,
            "count": 350619
        },
        "http_req_receiving": {
            "min": 0.010908,
            "avg": 0.09081463885014704,
            "med": 0.043003,
            "max": 14.799213,
            "p(90)": 0.229355,
            "p(95)": 0.29409329999999995,
            "p(99)": 0.56577564
        },
        "http_req_duration": {
            "min": 50.547025,
            "avg": 282.3148558070055,
            "med": 302.715219,
            "max": 1830.754549,
            "p(90)": 456.1186706,
            "p(95)": 473.9051192999999,
            "p(99)": 760.4597312,
            "thresholds": {
                "p(95)<5000": false,
                "p(99)<10000": false
            }
        },
        "http_req_waiting": {
            "p(95)": 473.36891279999986,
            "p(99)": 760.3770495800001,
            "min": 50.466137,
            "avg": 282.2081225023341,
            "med": 302.631843,
            "max": 1830.728457,
            "p(90)": 456.0220286
        },
        "vus": {
            "value": 2,
            "min": 2,
            "max": 300
        },
        "data_received": {
            "count": 97395469,
            "rate": 270520.3509200426
        },
        "http_req_duration{expected_response:true}": {
            "p(90)": 456.1186706,
            "p(95)": 473.9051192999999,
            "p(99)": 760.4597312,
            "min": 50.547025,
            "avg": 282.3148558070055,
            "med": 302.715219,
            "max": 1830.754549
        }
    }
}