{
    "root_group": {
        "name": "",
        "path": "",
        "id": "d41d8cd98f00b204e9800998ecf8427e",
        "groups": {},
        "checks": {
                "status is 200": {
                    "path": "::status is 200",
                    "id": "6210a8cd14cd70477eba5c5e4cb3fb5f",
                    "passes": 9876,
                    "fails": 0,
                    "name": "status is 200"
                },
                "content-type is json": {
                    "fails": 0,
                    "name": "content-type is json",
                    "path": "::content-type is json",
                    "id": "c544ce8ea75d5205f66e0fea6489a1fb",
                    "passes": 9876
                },
                "workloadType is CPU-BOUND": {
                    "name": "workloadType is CPU-BOUND",
                    "path": "::workloadType is CPU-BOUND",
                    "id": "1adc3dbd34c164fc9242debc74fecbd5",
                    "passes": 9876,
                    "fails": 0
                },
                "executionTimeMs exists": {
                    "name": "executionTimeMs exists",
                    "path": "::executionTimeMs exists",
                    "id": "80a08d6da4eb3227ebf3a5e73e014c6f",
                    "passes": 9876,
                    "fails": 0
                }
            }
    },
    "metrics": {
        "vus": {
            "value": 1,
            "min": 1,
            "max": 50
        },
        "response_time_ms": {
            "max": 2256.66128,
            "p(90)": 1500.083281,
            "p(95)": 1600.111669,
            "p(99)": 1754.6822630000001,
            "min": 46.297761,
            "avg": 1066.2719746568464,
            "med": 1131.272137
        },
        "http_req_duration": {
            "p(99)": 1754.6822630000001,
            "min": 46.297761,
            "avg": 1066.2719746568464,
            "med": 1131.272137,
            "max": 2256.66128,
            "p(90)": 1500.083281,
            "p(95)": 1600.111669,
            "thresholds": {
                "p(95)<5000": false,
                "p(99)<10000": false
            }
        },
        "http_req_waiting": {
            "p(95)": 1598.711808,
            "p(99)": 1751.22487875,
            "min": 46.213043,
            "avg": 1065.1456973858885,
            "med": 1130.632107,
            "max": 2256.566881,
            "p(90)": 1497.982591
        },
        "checks": {
            "fails": 0,
            "passes": 39504,
            "thresholds": {
                "rate>0.95": false
            },
            "value": 1
        },
        "vus_max": {
            "value": 50,
            "min": 50,
            "max": 50
        },
        "http_req_blocked": {
            "min": 0.001785,
            "avg": 0.007638180538679631,
            "med": 0.002929,
            "max": 1.774749,
            "p(90)": 0.004003,
            "p(95)": 0.00460175,
            "p(99)": 0.32081225
        },
        "iterations": {
            "rate": 41.14427224191614,
            "count": 9876
        },
        "http_reqs": {
            "count": 9876,
            "rate": 41.14427224191614
        },
        "http_req_connecting": {
            "max": 1.551473,
            "p(90)": 0,
            "p(95)": 0,
            "p(99)": 0.27465500000000004,
            "min": 0,
            "avg": 0.003926418286755773,
            "med": 0
        },
        "iteration_duration": {
            "min": 46.477305,
            "avg": 1066.4304450011145,
            "med": 1131.4057189999999,
            "max": 2256.864033,
            "p(90)": 1500.2196669999998,
            "p(95)": 1600.270605,
            "p(99)": 1754.812069
        },
        "data_received": {
            "count": 2830635,
            "rate": 11792.670823966819
        },
        "successful_requests": {
            "count": 9876,
            "rate": 41.14427224191614
        },
        "http_req_sending": {
            "med": 0.013573499999999999,
            "max": 0.324257,
            "p(90)": 0.0166295,
            "p(95)": 0.017944500000000002,
            "p(99)": 0.03528575,
            "min": 0.005364,
            "avg": 0.01337451842851355
        },
        "http_req_duration{expected_response:true}": {
            "min": 46.297761,
            "avg": 1066.2719746568464,
            "med": 1131.272137,
            "max": 2256.66128,
            "p(90)": 1500.083281,
            "p(95)": 1600.111669,
            "p(99)": 1754.6822630000001
        },
        "http_req_failed": {
            "passes": 0,
            "fails": 9876,
            "thresholds": {
                "rate<0.05": false
            },
            "value": 0
        },
        "http_req_receiving": {
            "med": 0.0944235,
            "max": 231.045928,
            "p(90)": 0.27387,
            "p(95)": 0.28716325,
            "p(99)": 30.14147875,
            "min": 0.022594,
            "avg": 1.1129027525313806
        },
        "data_sent": {
            "count": 790080,
            "rate": 3291.5417793532915
        },
        "http_req_tls_handshaking": {
            "avg": 0,
            "med": 0,
            "max": 0,
            "p(90)": 0,
            "p(95)": 0,
            "p(99)": 0,
            "min": 0
        }
    }
}