{
    "root_group": {
        "id": "d41d8cd98f00b204e9800998ecf8427e",
        "groups": {},
        "checks": {
                "status is 200": {
                    "path": "::status is 200",
                    "id": "6210a8cd14cd70477eba5c5e4cb3fb5f",
                    "passes": 230091,
                    "fails": 0,
                    "name": "status is 200"
                },
                "content-type is json": {
                    "fails": 0,
                    "name": "content-type is json",
                    "path": "::content-type is json",
                    "id": "c544ce8ea75d5205f66e0fea6489a1fb",
                    "passes": 230091
                },
                "workloadType is IO-BOUND": {
                    "name": "workloadType is IO-BOUND",
                    "path": "::workloadType is IO-BOUND",
                    "id": "2d06b45980f6a692d0e2ce7d70263fab",
                    "passes": 230091,
                    "fails": 0
                },
                "executionTimeMs exists": {
                    "name": "executionTimeMs exists",
                    "path": "::executionTimeMs exists",
                    "id": "80a08d6da4eb3227ebf3a5e73e014c6f",
                    "passes": 230091,
                    "fails": 0
                }
            },
        "name": "",
        "path": ""
    },
    "metrics": {
        "http_req_duration": {
            "max": 1936.121996,
            "p(90)": 407.766916,
            "p(95)": 559.5937570000001,
            "p(99)": 861.7192942000001,
            "min": 50.594346,
            "avg": 228.15396800616614,
            "med": 186.017192,
            "thresholds": {
                "p(95)<5000": false,
                "p(99)<10000": false
            }
        },
        "response_time_ms": {
            "med": 186.017192,
            "max": 1936.121996,
            "p(90)": 407.766916,
            "p(95)": 559.5937570000001,
            "p(99)": 861.7192942000001,
            "min": 50.594346,
            "avg": 228.15396800616614
        },
        "vus": {
            "value": 2,
            "min": 2,
            "max": 250
        },
        "http_req_blocked": {
            "p(95)": 0.00487,
            "p(99)": 0.3052373,
            "min": 0.001297,
            "avg": 0.009324869625495861,
            "med": 0.002741,
            "max": 12.951383,
            "p(90)": 0.003763
        },
        "http_req_failed": {
            "passes": 0,
            "fails": 230091,
            "thresholds": {
                "rate<0.05": false
            },
            "value": 0
        },
        "vus_max": {
            "value": 250,
            "min": 250,
            "max": 250
        },
        "http_req_connecting": {
            "p(90)": 0,
            "p(95)": 0,
            "p(99)": 0.25470100000000123,
            "min": 0,
            "avg": 0.005397520880868863,
            "med": 0,
            "max": 12.62072
        },
        "http_req_sending": {
            "p(95)": 0.023234,
            "p(99)": 0.21789640000000138,
            "min": 0.004337,
            "avg": 0.017824459326962337,
            "med": 0.008458,
            "max": 10.615028,
            "p(90)": 0.016459
        },
        "successful_requests": {
            "count": 230091,
            "rate": 958.508412938973
        },
        "data_sent": {
            "count": 18177189,
            "rate": 75722.16462217887
        },
        "data_received": {
            "count": 63878133,
            "rate": 266102.22861100454
        },
        "checks": {
            "passes": 920364,
            "fails": 0,
            "thresholds": {
                "rate>0.95": false
            },
            "value": 1
        },
        "http_req_tls_handshaking": {
            "p(99)": 0,
            "min": 0,
            "avg": 0,
            "med": 0,
            "max": 0,
            "p(90)": 0,
            "p(95)": 0
        },
        "http_req_receiving": {
            "p(99)": 0.7707369000000001,
            "min": 0.011338,
            "avg": 0.11080255423723574,
            "med": 0.038771,
            "max": 21.982755,
            "p(90)": 0.283614,
            "p(95)": 0.4002175
        },
        "http_req_waiting": {
            "min": 50.541726,
            "avg": 228.02534099261442,
            "med": 185.875914,
            "max": 1936.095133,
            "p(90)": 407.63824,
            "p(95)": 559.4881255,
            "p(99)": 861.6244106
        },
        "iterations": {
            "count": 230091,
            "rate": 958.508412938973
        },
        "iteration_duration": {
            "avg": 228.32101786930198,
            "med": 186.263254,
            "max": 1936.23109,
            "p(90)": 407.948936,
            "p(95)": 559.76034,
            "p(99)": 861.8936857000001,
            "min": 50.72849
        },
        "http_req_duration{expected_response:true}": {
            "max": 1936.121996,
            "p(90)": 407.766916,
            "p(95)": 559.5937570000001,
            "p(99)": 861.7192942000001,
            "min": 50.594346,
            "avg": 228.15396800616614,
            "med": 186.017192
        },
        "http_reqs": {
            "count": 230091,
            "rate": 958.508412938973
        }
    }
}