{
    "metrics": {
        "iteration_duration": {
            "max": 1982.866935,
            "p(90)": 757.8448225000001,
            "p(95)": 761.3199613500001,
            "p(99)": 915.65780237,
            "min": 50.680968,
            "avg": 560.384175503802,
            "med": 605.6079215
        },
        "vus_max": {
            "value": 600,
            "min": 600,
            "max": 600
        },
        "http_reqs": {
            "count": 353540,
            "rate": 982.0312477588988
        },
        "http_req_duration{expected_response:true}": {
            "avg": 560.2256539844122,
            "med": 605.457275,
            "max": 1982.74342,
            "p(90)": 757.6927807,
            "p(95)": 761.1531274,
            "p(99)": 915.48549556,
            "min": 50.555097
        },
        "data_received": {
            "count": 98235308,
            "rate": 272869.1013441753
        },
        "http_req_tls_handshaking": {
            "p(99)": 0,
            "min": 0,
            "avg": 0,
            "med": 0,
            "max": 0,
            "p(90)": 0,
            "p(95)": 0
        },
        "iterations": {
            "rate": 982.0312477588988,
            "count": 353540
        },
        "http_req_failed": {
            "passes": 0,
            "fails": 353540,
            "thresholds": {
                "rate<0.05": false
            },
            "value": 0
        },
        "http_req_sending": {
            "med": 0.008829,
            "max": 21.796414,
            "p(90)": 0.015628,
            "p(95)": 0.022184049999999986,
            "p(99)": 0.09819325999999907,
            "min": 0.004602,
            "avg": 0.015416571259263689
        },
        "response_time_ms": {
            "avg": 560.2256539844122,
            "med": 605.457275,
            "max": 1982.74342,
            "p(90)": 757.6927807,
            "p(95)": 761.1531274,
            "p(99)": 915.48549556,
            "min": 50.555097
        },
        "http_req_duration": {
            "min": 50.555097,
            "avg": 560.2256539844122,
            "med": 605.457275,
            "max": 1982.74342,
            "p(90)": 757.6927807,
            "p(95)": 761.1531274,
            "p(99)": 915.48549556,
            "thresholds": {
                "p(95)<5000": false,
                "p(99)<10000": false
            }
        },
        "http_req_waiting": {
            "min": 50.494566,
            "avg": 560.1247010073166,
            "med": 605.370943,
            "max": 1982.716162,
            "p(90)": 757.6045029,
            "p(95)": 761.0426204,
            "p(99)": 915.36247736
        },
        "successful_requests": {
            "rate": 982.0312477588988,
            "count": 353540
        },
        "vus": {
            "value": 5,
            "min": 5,
            "max": 600
        },
        "http_req_receiving": {
            "min": 0.012318,
            "avg": 0.08553640582112526,
            "med": 0.045866,
            "max": 20.60387,
            "p(90)": 0.20316080000000028,
            "p(95)": 0.27375014999999997,
            "p(99)": 0.4827558199999991
        },
        "data_sent": {
            "count": 27929660,
            "rate": 77580.468572953
        },
        "http_req_blocked": {
            "min": 0.001311,
            "avg": 0.008601137008542255,
            "med": 0.00276,
            "max": 10.543024,
            "p(90)": 0.0038,
            "p(95)": 0.004663,
            "p(99)": 0.2952686199999994
        },
        "checks": {
            "passes": 1414160,
            "fails": 0,
            "thresholds": {
                "rate>0.95": false
            },
            "value": 1
        },
        "http_req_connecting": {
            "min": 0,
            "avg": 0.0049151783277705564,
            "med": 0,
            "max": 10.184238,
            "p(90)": 0,
            "p(95)": 0,
            "p(99)": 0.25135483999999936
        }
    },
    "root_group": {
        "name": "",
        "path": "",
        "id": "d41d8cd98f00b204e9800998ecf8427e",
        "groups": {},
        "checks": {
                "status is 200": {
                    "id": "6210a8cd14cd70477eba5c5e4cb3fb5f",
                    "passes": 353540,
                    "fails": 0,
                    "name": "status is 200",
                    "path": "::status is 200"
                },
                "content-type is json": {
                    "id": "c544ce8ea75d5205f66e0fea6489a1fb",
                    "passes": 353540,
                    "fails": 0,
                    "name": "content-type is json",
                    "path": "::content-type is json"
                },
                "workloadType is IO-BOUND": {
                    "path": "::workloadType is IO-BOUND",
                    "id": "2d06b45980f6a692d0e2ce7d70263fab",
                    "passes": 353540,
                    "fails": 0,
                    "name": "workloadType is IO-BOUND"
                },
                "executionTimeMs exists": {
                    "path": "::executionTimeMs exists",
                    "id": "80a08d6da4eb3227ebf3a5e73e014c6f",
                    "passes": 353540,
                    "fails": 0,
                    "name": "executionTimeMs exists"
                }
            }
    }
}