{
    "metrics": {
        "vus": {
            "min": 1,
            "max": 75,
            "value": 1
        },
        "http_req_connecting": {
            "min": 0,
            "avg": 0.004997246618529441,
            "med": 0,
            "max": 1.944739,
            "p(90)": 0,
            "p(95)": 0,
            "p(99)": 0.30212100000000003
        },
        "vus_max": {
            "value": 75,
            "min": 75,
            "max": 75
        },
        "http_req_duration": {
            "med": 1710.872519,
            "max": 3284.741658,
            "p(90)": 2313.1587152,
            "p(95)": 2458.9298974000003,
            "p(99)": 2729.56652964,
            "min": 46.371352,
            "avg": 1607.0666055665624,
            "thresholds": {
                "p(95)<5000": false,
                "p(99)<10000": false
            }
        },
        "response_time_ms": {
            "p(90)": 2313.1587152,
            "p(95)": 2458.9298974000003,
            "p(99)": 2729.56652964,
            "min": 46.371352,
            "avg": 1607.0666055665624,
            "med": 1710.872519,
            "max": 3284.741658
        },
        "data_sent": {
            "count": 786640,
            "rate": 3277.591496157263
        },
        "http_req_failed": {
            "passes": 0,
            "fails": 9833,
            "thresholds": {
                "rate<0.05": false
            },
            "value": 0
        },
        "http_req_tls_handshaking": {
            "max": 0,
            "p(90)": 0,
            "p(95)": 0,
            "p(99)": 0,
            "min": 0,
            "avg": 0,
            "med": 0
        },
        "iteration_duration": {
            "min": 46.517687,
            "avg": 1607.2345708567082,
            "med": 1711.046889,
            "max": 3284.887203,
            "p(90)": 2313.3068044,
            "p(95)": 2459.0834516,
            "p(99)": 2729.72517272
        },
        "http_req_sending": {
            "avg": 0.01416745479507781,
            "med": 0.014139,
            "max": 0.424473,
            "p(90)": 0.0174446,
            "p(95)": 0.019427399999999994,
            "p(99)": 0.039126440000000054,
            "min": 0.00552
        },
        "http_req_duration{expected_response:true}": {
            "min": 46.371352,
            "avg": 1607.0666055665624,
            "med": 1710.872519,
            "max": 3284.741658,
            "p(90)": 2313.1587152,
            "p(95)": 2458.9298974000003,
            "p(99)": 2729.56652964
        },
        "successful_requests": {
            "count": 9833,
            "rate": 40.96989370196579
        },
        "http_req_blocked": {
            "p(90)": 0.004317600000000002,
            "p(95)": 0.0049488,
            "p(99)": 0.3528008000000006,
            "min": 0.001724,
            "avg": 0.008984809417268395,
            "med": 0.003037,
            "max": 2.013658
        },
        "http_req_waiting": {
            "avg": 1605.5985379808749,
            "med": 1709.568712,
            "max": 3284.644831,
            "p(90)": 2312.0081076,
            "p(95)": 2458.5735174,
            "p(99)": 2728.450163480001,
            "min": 46.272968
        },
        "http_req_receiving": {
            "max": 339.218221,
            "p(90)": 0.27188300000000004,
            "p(95)": 0.2857681999999999,
            "p(99)": 33.07107984000006,
            "min": 0.019009,
            "avg": 1.4539001308857935,
            "med": 0.0932
        },
        "data_received": {
            "count": 2820495,
            "rate": 11751.792976398454
        },
        "iterations": {
            "rate": 40.96989370196579,
            "count": 9833
        },
        "http_reqs": {
            "count": 9833,
            "rate": 40.96989370196579
        },
        "checks": {
            "passes": 39332,
            "fails": 0,
            "thresholds": {
                "rate>0.95": false
            },
            "value": 1
        }
    },
    "root_group": {
        "checks": {
            "status is 200": {
                "name": "status is 200",
                "path": "::status is 200",
                "id": "6210a8cd14cd70477eba5c5e4cb3fb5f",
                "passes": 9833,
                "fails": 0
            },
            "content-type is json": {
                "path": "::content-type is json",
                "id": "c544ce8ea75d5205f66e0fea6489a1fb",
                "passes": 9833,
                "fails": 0,
                "name": "content-type is json"
            },
            "workloadType is CPU-BOUND": {
                "name": "workloadType is CPU-BOUND",
                "path": "::workloadType is CPU-BOUND",
                "id": "1adc3dbd34c164fc9242debc74fecbd5",
                "passes": 9833,
                "fails": 0
            },
            "executionTimeMs exists": {
                "id": "80a08d6da4eb3227ebf3a5e73e014c6f",
                "passes": 9833,
                "fails": 0,
                "name": "executionTimeMs exists",
                "path": "::executionTimeMs exists"
            }
        },
        "name": "",
        "path": "",
        "id": "d41d8cd98f00b204e9800998ecf8427e",
        "groups": {}
    }
}