{
    "metrics": {
        "iteration_duration": {
            "p(90)": 158.057987,
            "p(95)": 252.378984,
            "p(99)": 353.1237397,
            "min": 50.678179,
            "avg": 138.47631046220167,
            "med": 151.3045275,
            "max": 857.69375
        },
        "iterations": {
            "count": 227616,
            "rate": 948.3435774176922
        },
        "data_sent": {
            "count": 17981664,
            "rate": 74919.1426159977
        },
        "data_received": {
            "count": 63238743,
            "rate": 263479.0865669287
        },
        "checks": {
            "passes": 910464,
            "fails": 0,
            "thresholds": {
                "rate>0.95": false
            },
            "value": 1
        },
        "http_reqs": {
            "count": 227616,
            "rate": 948.3435774176922
        },
        "http_req_sending": {
            "min": 0.004503,
            "avg": 0.016668585736503694,
            "med": 0.008769,
            "max": 13.415448,
            "p(90)": 0.015917,
            "p(95)": 0.022635,
            "p(99)": 0.1958250500000002
        },
        "successful_requests": {
            "count": 227616,
            "rate": 948.3435774176922
        },
        "http_req_blocked": {
            "avg": 0.008200317262406569,
            "med": 0.002801,
            "max": 12.73087,
            "p(90)": 0.003829,
            "p(95)": 0.00473925,
            "p(99)": 0.28137000000000073,
            "min": 0.001296
        },
        "response_time_ms": {
            "max": 857.285304,
            "p(90)": 157.8322685,
            "p(95)": 252.21847625,
            "p(99)": 352.9613596,
            "min": 50.550564,
            "avg": 138.31678279065633,
            "med": 151.15418449999999
        },
        "vus_max": {
            "value": 150,
            "min": 150,
            "max": 150
        },
        "http_req_duration": {
            "min": 50.550564,
            "avg": 138.31678279065633,
            "med": 151.15418449999999,
            "max": 857.285304,
            "p(90)": 157.8322685,
            "p(95)": 252.21847625,
            "p(99)": 352.9613596,
            "thresholds": {
                "p(95)<5000": false,
                "p(99)<10000": false
            }
        },
        "http_req_duration{expected_response:true}": {
            "p(99)": 352.9613596,
            "min": 50.550564,
            "avg": 138.31678279065633,
            "med": 151.15418449999999,
            "max": 857.285304,
            "p(90)": 157.8322685,
            "p(95)": 252.21847625
        },
        "http_req_tls_handshaking": {
            "p(95)": 0,
            "p(99)": 0,
            "min": 0,
            "avg": 0,
            "med": 0,
            "max": 0,
            "p(90)": 0
        },
        "http_req_waiting": {
            "min": 50.48892,
            "avg": 138.21259744930023,
            "med": 151.0576495,
            "max": 857.166752,
            "p(90)": 157.49649,
            "p(95)": 252.13750199999998,
            "p(99)": 352.87053410000004
        },
        "http_req_receiving": {
            "med": 0.045815,
            "max": 13.219636,
            "p(90)": 0.22126050000000003,
            "p(95)": 0.28299225,
            "p(99)": 0.5060582500000008,
            "min": 0.012211,
            "avg": 0.08751675562350762
        },
        "vus": {
            "value": 1,
            "min": 1,
            "max": 150
        },
        "http_req_failed": {
            "passes": 0,
            "fails": 227616,
            "thresholds": {
                "rate<0.05": false
            },
            "value": 0
        },
        "http_req_connecting": {
            "avg": 0.004490283196260368,
            "med": 0,
            "max": 12.680946,
            "p(90)": 0,
            "p(95)": 0,
            "p(99)": 0.23707300000000395,
            "min": 0
        }
    },
    "root_group": {
        "path": "",
        "id": "d41d8cd98f00b204e9800998ecf8427e",
        "groups": {},
        "checks": {
                "status is 200": {
                    "passes": 227616,
                    "fails": 0,
                    "name": "status is 200",
                    "path": "::status is 200",
                    "id": "6210a8cd14cd70477eba5c5e4cb3fb5f"
                },
                "content-type is json": {
                    "passes": 227616,
                    "fails": 0,
                    "name": "content-type is json",
                    "path": "::content-type is json",
                    "id": "c544ce8ea75d5205f66e0fea6489a1fb"
                },
                "workloadType is IO-BOUND": {
                    "passes": 227616,
                    "fails": 0,
                    "name": "workloadType is IO-BOUND",
                    "path": "::workloadType is IO-BOUND",
                    "id": "2d06b45980f6a692d0e2ce7d70263fab"
                },
                "executionTimeMs exists": {
                    "name": "executionTimeMs exists",
                    "path": "::executionTimeMs exists",
                    "id": "80a08d6da4eb3227ebf3a5e73e014c6f",
                    "passes": 227616,
                    "fails": 0
                }
            },
        "name": ""
    }
}