{
    "root_group": {
        "name": "",
        "path": "",
        "id": "d41d8cd98f00b204e9800998ecf8427e",
        "groups": {},
        "checks": {
                "status is 200": {
                    "path": "::status is 200",
                    "id": "6210a8cd14cd70477eba5c5e4cb3fb5f",
                    "passes": 351129,
                    "fails": 0,
                    "name": "status is 200"
                },
                "content-type is json": {
                    "id": "c544ce8ea75d5205f66e0fea6489a1fb",
                    "passes": 351129,
                    "fails": 0,
                    "name": "content-type is json",
                    "path": "::content-type is json"
                },
                "workloadType is IO-BOUND": {
                    "name": "workloadType is IO-BOUND",
                    "path": "::workloadType is IO-BOUND",
                    "id": "2d06b45980f6a692d0e2ce7d70263fab",
                    "passes": 351129,
                    "fails": 0
                },
                "executionTimeMs exists": {
                    "name": "executionTimeMs exists",
                    "path": "::executionTimeMs exists",
                    "id": "80a08d6da4eb3227ebf3a5e73e014c6f",
                    "passes": 351129,
                    "fails": 0
                }
            }
    },
    "metrics": {
        "response_time_ms": {
            "max": 2186.85445,
            "p(90)": 662.5715222,
            "p(95)": 813.9101598000001,
            "p(99)": 1066.125057599996,
            "min": 50.568929,
            "avg": 470.0162683774856,
            "med": 504.80361
        },
        "checks": {
            "passes": 1404516,
            "fails": 0,
            "thresholds": {
                "rate>0.95": false
            },
            "value": 1
        },
        "successful_requests": {
            "count": 351129,
            "rate": 975.3091690438699
        },
        "data_received": {
            "count": 97490863,
            "rate": 270794.30232734914
        },
        "http_req_receiving": {
            "avg": 0.10697595442415671,
            "med": 0.038282,
            "max": 23.17879,
            "p(90)": 0.2735632,
            "p(95)": 0.3851559999999999,
            "p(99)": 0.7519119999999951,
            "min": 0.011379
        },
        "http_req_duration{expected_response:true}": {
            "p(99)": 1066.125057599996,
            "min": 50.568929,
            "avg": 470.0162683774856,
            "med": 504.80361,
            "max": 2186.85445,
            "p(90)": 662.5715222,
            "p(95)": 813.9101598000001
        },
        "http_req_duration": {
            "max": 2186.85445,
            "p(90)": 662.5715222,
            "p(95)": 813.9101598000001,
            "p(99)": 1066.125057599996,
            "min": 50.568929,
            "avg": 470.0162683774856,
            "med": 504.80361,
            "thresholds": {
                "p(99)<10000": false,
                "p(95)<5000": false
            }
        },
        "data_sent": {
            "count": 27739191,
            "rate": 77049.42435446572
        },
        "vus_max": {
            "value": 500,
            "min": 500,
            "max": 500
        },
        "http_reqs": {
            "count": 351129,
            "rate": 975.3091690438699
        },
        "vus": {
            "min": 4,
            "max": 500,
            "value": 4
        },
        "http_req_sending": {
            "max": 18.336922,
            "p(90)": 0.015765,
            "p(95)": 0.022377599999999977,
            "p(99)": 0.17516843999999923,
            "min": 0.004321,
            "avg": 0.016776311922399298,
            "med": 0.008511
        },
        "http_req_blocked": {
            "med": 0.002736,
            "max": 19.840139,
            "p(90)": 0.0038,
            "p(95)": 0.004837599999999977,
            "p(99)": 0.2978030799999919,
            "min": 0.001288,
            "avg": 0.009457377909543312
        },
        "http_req_connecting": {
            "med": 0,
            "max": 19.466929,
            "p(90)": 0,
            "p(95)": 0,
            "p(99)": 0.25313263999999897,
            "min": 0,
            "avg": 0.00561161319913763
        },
        "http_req_tls_handshaking": {
            "max": 0,
            "p(90)": 0,
            "p(95)": 0,
            "p(99)": 0,
            "min": 0,
            "avg": 0,
            "med": 0
        },
        "http_req_failed": {
            "passes": 0,
            "fails": 351129,
            "thresholds": {
                "rate<0.05": false
            },
            "value": 0
        },
        "iteration_duration": {
            "p(99)": 1066.2797201599972,
            "min": 50.684595,
            "avg": 470.1827177329961,
            "med": 504.958817,
            "max": 2187.024759,
            "p(90)": 662.764592,
            "p(95)": 814.0755408
        },
        "iterations": {
            "count": 351129,
            "rate": 975.3091690438699
        },
        "http_req_waiting": {
            "p(95)": 813.7925008,
            "p(99)": 1065.9153617199993,
            "min": 50.508982,
            "avg": 469.8925161111321,
            "med": 504.704477,
            "max": 2186.782043,
            "p(90)": 662.4311616
        }
    }
}