{
    "root_group": {
        "groups": {},
        "checks": {
                "status is 200": {
                    "fails": 0,
                    "name": "status is 200",
                    "path": "::status is 200",
                    "id": "6210a8cd14cd70477eba5c5e4cb3fb5f",
                    "passes": 353892
                },
                "content-type is json": {
                    "name": "content-type is json",
                    "path": "::content-type is json",
                    "id": "c544ce8ea75d5205f66e0fea6489a1fb",
                    "passes": 353892,
                    "fails": 0
                },
                "workloadType is IO-BOUND": {
                    "id": "2d06b45980f6a692d0e2ce7d70263fab",
                    "passes": 353892,
                    "fails": 0,
                    "name": "workloadType is IO-BOUND",
                    "path": "::workloadType is IO-BOUND"
                },
                "executionTimeMs exists": {
                    "id": "80a08d6da4eb3227ebf3a5e73e014c6f",
                    "passes": 353892,
                    "fails": 0,
                    "name": "executionTimeMs exists",
                    "path": "::executionTimeMs exists"
                }
            },
        "name": "",
        "path": "",
        "id": "d41d8cd98f00b204e9800998ecf8427e"
    },
    "metrics": {
        "http_req_receiving": {
            "p(95)": 0.27971770000000007,
            "p(99)": 0.5226517100000004,
            "min": 0.01261,
            "avg": 0.08697653571428608,
            "med": 0.044357,
            "max": 14.839001,
            "p(90)": 0.2114806000000001
        },
        "response_time_ms": {
            "p(99)": 1262.5887322300002,
            "min": 50.545049,
            "avg": 746.3599433150167,
            "med": 807.491753,
            "max": 2340.64515,
            "p(90)": 960.8758844,
            "p(95)": 966.81824755
        },
        "http_req_failed": {
            "passes": 0,
            "fails": 353892,
            "thresholds": {
                "rate<0.05": false
            },
            "value": 0
        },
        "http_req_blocked": {
            "avg": 0.008837867346535376,
            "med": 0.002756,
            "max": 15.997189,
            "p(90)": 0.003827,
            "p(95)": 0.004702,
            "p(99)": 0.2984195900000013,
            "min": 0.001314
        },
        "http_req_connecting": {
            "p(90)": 0,
            "p(95)": 0,
            "p(99)": 0.25240770000000334,
            "min": 0,
            "avg": 0.005044255665570291,
            "med": 0,
            "max": 15.693181
        },
        "iterations": {
            "count": 353892,
            "rate": 982.9141339083584
        },
        "http_reqs": {
            "count": 353892,
            "rate": 982.9141339083584
        },
        "http_req_duration{expected_response:true}": {
            "max": 2340.64515,
            "p(90)": 960.8758844,
            "p(95)": 966.81824755,
            "p(99)": 1262.5887322300002,
            "min": 50.545049,
            "avg": 746.3599433150167,
            "med": 807.491753
        },
        "http_req_sending": {
            "med": 0.008764,
            "max": 10.801608,
            "p(90)": 0.015589,
            "p(95)": 0.021763,
            "p(99)": 0.08689617000000033,
            "min": 0.00447,
            "avg": 0.016444940535530552
        },
        "successful_requests": {
            "count": 353892,
            "rate": 982.9141339083584
        },
        "vus_max": {
            "value": 800,
            "min": 800,
            "max": 800
        },
        "data_sent": {
            "count": 27957468,
            "rate": 77650.21657876032
        },
        "http_req_duration": {
            "p(95)": 966.81824755,
            "p(99)": 1262.5887322300002,
            "min": 50.545049,
            "avg": 746.3599433150167,
            "med": 807.491753,
            "max": 2340.64515,
            "p(90)": 960.8758844,
            "thresholds": {
                "p(95)<5000": false,
                "p(99)<10000": false
            }
        },
        "http_req_tls_handshaking": {
            "p(95)": 0,
            "p(99)": 0,
            "min": 0,
            "avg": 0,
            "med": 0,
            "max": 0,
            "p(90)": 0
        },
        "http_req_waiting": {
            "min": 50.494196,
            "avg": 746.2565218387906,
            "med": 807.4068585,
            "max": 2340.519081,
            "p(90)": 960.7804485,
            "p(95)": 966.70417005,
            "p(99)": 1262.4897774200003
        },
        "vus": {
            "min": 10,
            "max": 800,
            "value": 10
        },
        "checks": {
            "passes": 1415568,
            "fails": 0,
            "thresholds": {
                "rate>0.95": false
            },
            "value": 1
        },
        "iteration_duration": {
            "p(99)": 1262.72623156,
            "min": 50.652181,
            "avg": 746.5205270614996,
            "med": 807.642923,
            "max": 2340.805614,
            "p(90)": 961.0311887,
            "p(95)": 966.9933383
        },
        "data_received": {
            "count": 98319002,
            "rate": 273075.2226599193
        }
    }
}