{
    "root_group": {
        "groups": {},
        "checks": {
                "status is 200": {
                    "name": "status is 200",
                    "path": "::status is 200",
                    "id": "6210a8cd14cd70477eba5c5e4cb3fb5f",
                    "passes": 204450,
                    "fails": 0
                },
                "content-type is json": {
                    "fails": 0,
                    "name": "content-type is json",
                    "path": "::content-type is json",
                    "id": "c544ce8ea75d5205f66e0fea6489a1fb",
                    "passes": 204450
                },
                "workloadType is IO-BOUND": {
                    "fails": 0,
                    "name": "workloadType is IO-BOUND",
                    "path": "::workloadType is IO-BOUND",
                    "id": "2d06b45980f6a692d0e2ce7d70263fab",
                    "passes": 204450
                },
                "executionTimeMs exists": {
                    "name": "executionTimeMs exists",
                    "path": "::executionTimeMs exists",
                    "id": "80a08d6da4eb3227ebf3a5e73e014c6f",
                    "passes": 204450,
                    "fails": 0
                }
            },
        "name": "",
        "path": "",
        "id": "d41d8cd98f00b204e9800998ecf8427e"
    },
    "metrics": {
        "http_req_duration": {
            "p(90)": 51.6917726,
            "p(95)": 52.07466915,
            "p(99)": 56.026139670000006,
            "min": 50.5332,
            "avg": 51.27389607798428,
            "med": 51.103804,
            "max": 65.311419,
            "thresholds": {
                "p(95)<5000": false,
                "p(99)<10000": false
            }
        },
        "successful_requests": {
            "count": 204450,
            "rate": 851.7012319010255
        },
        "iteration_duration": {
            "min": 50.659469,
            "avg": 51.42792502321291,
            "med": 51.254696499999994,
            "max": 65.606364,
            "p(90)": 51.8595173,
            "p(95)": 52.26918069999999,
            "p(99)": 56.25915467
        },
        "vus": {
            "value": 1,
            "min": 1,
            "max": 50
        },
        "vus_max": {
            "value": 50,
            "min": 50,
            "max": 50
        },
        "http_req_sending": {
            "max": 9.383693,
            "p(90)": 0.016271,
            "p(95)": 0.024504,
            "p(99)": 0.23213065000000013,
            "min": 0.003888,
            "avg": 0.01782208426999296,
            "med": 0.008019
        },
        "http_req_failed": {
            "passes": 0,
            "fails": 204450,
            "thresholds": {
                "rate<0.05": false
            },
            "value": 0
        },
        "http_req_blocked": {
            "max": 12.043016,
            "p(90)": 0.00377,
            "p(95)": 0.004764,
            "p(99)": 0.274305100000001,
            "min": 0.001321,
            "avg": 0.008460423125458288,
            "med": 0.002656
        },
        "iterations": {
            "count": 204450,
            "rate": 851.7012319010255
        },
        "http_req_receiving": {
            "p(95)": 0.29025999999999974,
            "p(99)": 0.6333007900000003,
            "min": 0.009867,
            "avg": 0.08188382853509288,
            "med": 0.03681,
            "max": 11.238773,
            "p(90)": 0.1931502
        },
        "checks": {
            "passes": 817800,
            "fails": 0,
            "thresholds": {
                "rate>0.95": false
            },
            "value": 1
        },
        "http_reqs": {
            "count": 204450,
            "rate": 851.7012319010255
        },
        "http_req_tls_handshaking": {
            "avg": 0,
            "med": 0,
            "max": 0,
            "p(90)": 0,
            "p(95)": 0,
            "p(99)": 0,
            "min": 0
        },
        "response_time_ms": {
            "min": 50.5332,
            "avg": 51.27389607798428,
            "med": 51.103804,
            "max": 65.311419,
            "p(90)": 51.6917726,
            "p(95)": 52.07466915,
            "p(99)": 56.026139670000006
        },
        "data_received": {
            "count": 56648064,
            "rate": 235985.45313576979
        },
        "http_req_connecting": {
            "max": 11.743587,
            "p(90)": 0,
            "p(95)": 0,
            "p(99)": 0.22875774000000254,
            "min": 0,
            "avg": 0.0048517722426021145,
            "med": 0
        },
        "http_req_duration{expected_response:true}": {
            "min": 50.5332,
            "avg": 51.27389607798428,
            "med": 51.103804,
            "max": 65.311419,
            "p(90)": 51.6917726,
            "p(95)": 52.07466915,
            "p(99)": 56.026139670000006
        },
        "http_req_waiting": {
            "p(95)": 51.93331895,
            "p(99)": 55.670707400000005,
            "min": 50.48256,
            "avg": 51.174190165179695,
            "med": 51.0153435,
            "max": 65.281818,
            "p(90)": 51.5840667
        },
        "data_sent": {
            "count": 16151550,
            "rate": 67284.39732018101
        }
    }
}