{
    "metrics": {
        "http_reqs": {
            "count": 9896,
            "rate": 41.23021558276837
        },
        "response_time_ms": {
            "p(95)": 567.9299277499999,
            "p(99)": 607.3722206499997,
            "min": 46.085533,
            "avg": 426.0361278888444,
            "med": 465.219456,
            "max": 680.540141,
            "p(90)": 545.955879
        },
        "http_req_duration": {
            "max": 680.540141,
            "p(90)": 545.955879,
            "p(95)": 567.9299277499999,
            "p(99)": 607.3722206499997,
            "min": 46.085533,
            "avg": 426.0361278888444,
            "med": 465.219456,
            "thresholds": {
                "p(95)<5000": false,
                "p(99)<10000": false
            }
        },
        "http_req_sending": {
            "avg": 0.014305205032336276,
            "med": 0.0137965,
            "max": 0.488966,
            "p(90)": 0.0166615,
            "p(95)": 0.01791525,
            "p(99)": 0.03419314999999995,
            "min": 0.005266
        },
        "http_req_waiting": {
            "min": 46.036634,
            "avg": 425.6865254184495,
            "med": 464.9785975,
            "max": 680.435389,
            "p(90)": 545.589517,
            "p(95)": 566.6307135,
            "p(99)": 605.3702117499996
        },
        "http_req_failed": {
            "passes": 0,
            "fails": 9896,
            "thresholds": {
                "rate<0.05": false
            },
            "value": 0
        },
        "http_req_blocked": {
            "min": 0.001773,
            "avg": 0.007122704324979788,
            "med": 0.002885,
            "max": 0.691777,
            "p(90)": 0.004023499999999999,
            "p(95)": 0.004583,
            "p(99)": 0.31820744999999817
        },
        "data_sent": {
            "count": 791680,
            "rate": 3298.41724662147
        },
        "vus": {
            "value": 1,
            "min": 1,
            "max": 20
        },
        "http_req_connecting": {
            "avg": 0.0033182063459983833,
            "med": 0,
            "max": 0.407032,
            "p(90)": 0,
            "p(95)": 0,
            "p(99)": 0.2562811999999985,
            "min": 0
        },
        "vus_max": {
            "value": 20,
            "min": 20,
            "max": 20
        },
        "checks": {
            "passes": 39584,
            "fails": 0,
            "thresholds": {
                "rate>0.95": false
            },
            "value": 1
        },
        "http_req_tls_handshaking": {
            "avg": 0,
            "med": 0,
            "max": 0,
            "p(90)": 0,
            "p(95)": 0,
            "p(99)": 0,
            "min": 0
        },
        "iteration_duration": {
            "min": 46.222344,
            "avg": 426.1950899257285,
            "med": 465.3735955,
            "max": 680.689992,
            "p(90)": 546.142015,
            "p(95)": 568.08251075,
            "p(99)": 607.5150884499997
        },
        "data_received": {
            "count": 2830383,
            "rate": 11792.370783326869
        },
        "http_req_duration{expected_response:true}": {
            "p(95)": 567.9299277499999,
            "p(99)": 607.3722206499997,
            "min": 46.085533,
            "avg": 426.0361278888444,
            "med": 465.219456,
            "max": 680.540141,
            "p(90)": 545.955879
        },
        "http_req_receiving": {
            "avg": 0.33529726535973964,
            "med": 0.06881999999999999,
            "max": 62.118018,
            "p(90)": 0.2718995,
            "p(95)": 0.28266349999999996,
            "p(99)": 12.081098749999997,
            "min": 0.022394
        },
        "iterations": {
            "count": 9896,
            "rate": 41.23021558276837
        },
        "successful_requests": {
            "count": 9896,
            "rate": 41.23021558276837
        }
    },
    "root_group": {
        "groups": {},
        "checks": {
                "status is 200": {
                    "id": "6210a8cd14cd70477eba5c5e4cb3fb5f",
                    "passes": 9896,
                    "fails": 0,
                    "name": "status is 200",
                    "path": "::status is 200"
                },
                "content-type is json": {
                    "passes": 9896,
                    "fails": 0,
                    "name": "content-type is json",
                    "path": "::content-type is json",
                    "id": "c544ce8ea75d5205f66e0fea6489a1fb"
                },
                "workloadType is CPU-BOUND": {
                    "path": "::workloadType is CPU-BOUND",
                    "id": "1adc3dbd34c164fc9242debc74fecbd5",
                    "passes": 9896,
                    "fails": 0,
                    "name": "workloadType is CPU-BOUND"
                },
                "executionTimeMs exists": {
                    "name": "executionTimeMs exists",
                    "path": "::executionTimeMs exists",
                    "id": "80a08d6da4eb3227ebf3a5e73e014c6f",
                    "passes": 9896,
                    "fails": 0
                }
            },
        "name": "",
        "path": "",
        "id": "d41d8cd98f00b204e9800998ecf8427e"
    }
}