{
    "metrics": {
        "response_time_ms": {
            "p(95)": 151.0149912,
            "p(99)": 201.0412726,
            "min": 50.540602,
            "avg": 94.21756071469171,
            "med": 100.710296,
            "max": 452.656329,
            "p(90)": 104.40114000000003
        },
        "vus_max": {
            "value": 100,
            "min": 100,
            "max": 100
        },
        "checks": {
            "passes": 890852,
            "fails": 0,
            "thresholds": {
                "rate>0.95": false
            },
            "value": 1
        },
        "http_reqs": {
            "count": 222713,
            "rate": 927.8056670346721
        },
        "http_req_blocked": {
            "p(99)": 0.26041076,
            "min": 0.001286,
            "avg": 0.0075332382393480946,
            "med": 0.002627,
            "max": 9.506415,
            "p(90)": 0.0034698000000000172,
            "p(95)": 0.004318
        },
        "http_req_connecting": {
            "avg": 0.004103714017592148,
            "med": 0,
            "max": 9.334176,
            "p(90)": 0,
            "p(95)": 0,
            "p(99)": 0.2223638400000003,
            "min": 0
        },
        "http_req_tls_handshaking": {
            "min": 0,
            "avg": 0,
            "med": 0,
            "max": 0,
            "p(90)": 0,
            "p(95)": 0,
            "p(99)": 0
        },
        "iterations": {
            "count": 222713,
            "rate": 927.8056670346721
        },
        "http_req_duration": {
            "min": 50.540602,
            "avg": 94.21756071469171,
            "med": 100.710296,
            "max": 452.656329,
            "p(90)": 104.40114000000003,
            "p(95)": 151.0149912,
            "p(99)": 201.0412726,
            "thresholds": {
                "p(95)<5000": false,
                "p(99)<10000": false
            }
        },
        "http_req_sending": {
            "p(90)": 0.014573800000000017,
            "p(95)": 0.02092919999999998,
            "p(99)": 0.18335252000000035,
            "min": 0.004014,
            "avg": 0.015146302914513146,
            "med": 0.00818,
            "max": 8.201634
        },
        "http_req_failed": {
            "passes": 0,
            "fails": 222713,
            "thresholds": {
                "rate<0.05": false
            },
            "value": 0
        },
        "data_sent": {
            "count": 17594327,
            "rate": 73296.6476957391
        },
        "vus": {
            "min": 1,
            "max": 100,
            "value": 1
        },
        "http_req_waiting": {
            "avg": 94.12042618455186,
            "med": 100.631837,
            "max": 452.629103,
            "p(90)": 104.10170540000001,
            "p(95)": 150.9306742,
            "p(99)": 200.96631532,
            "min": 50.475171
        },
        "data_received": {
            "count": 61860340,
            "rate": 257705.54038916278
        },
        "http_req_duration{expected_response:true}": {
            "p(90)": 104.40114000000003,
            "p(95)": 151.0149912,
            "p(99)": 201.0412726,
            "min": 50.540602,
            "avg": 94.21756071469171,
            "med": 100.710296,
            "max": 452.656329
        },
        "successful_requests": {
            "count": 222713,
            "rate": 927.8056670346721
        },
        "iteration_duration": {
            "p(99)": 201.1940588,
            "min": 50.649963,
            "avg": 94.36461539222299,
            "med": 100.851891,
            "max": 452.786626,
            "p(90)": 104.60449080000006,
            "p(95)": 151.1619982
        },
        "http_req_receiving": {
            "med": 0.045357,
            "max": 14.612586,
            "p(90)": 0.1975498000000002,
            "p(95)": 0.2690469999999999,
            "p(99)": 0.4653967200000001,
            "min": 0.01083,
            "avg": 0.08198822722517332
        }
    },
    "root_group": {
        "path": "",
        "id": "d41d8cd98f00b204e9800998ecf8427e",
        "groups": {},
        "checks": {
                "status is 200": {
                    "name": "status is 200",
                    "path": "::status is 200",
                    "id": "6210a8cd14cd70477eba5c5e4cb3fb5f",
                    "passes": 222713,
                    "fails": 0
                },
                "content-type is json": {
                    "passes": 222713,
                    "fails": 0,
                    "name": "content-type is json",
                    "path": "::content-type is json",
                    "id": "c544ce8ea75d5205f66e0fea6489a1fb"
                },
                "workloadType is IO-BOUND": {
                    "name": "workloadType is IO-BOUND",
                    "path": "::workloadType is IO-BOUND",
                    "id": "2d06b45980f6a692d0e2ce7d70263fab",
                    "passes": 222713,
                    "fails": 0
                },
                "executionTimeMs exists": {
                    "fails": 0,
                    "name": "executionTimeMs exists",
                    "path": "::executionTimeMs exists",
                    "id": "80a08d6da4eb3227ebf3a5e73e014c6f",
                    "passes": 222713
                }
            },
        "name": ""
    }
}