{
    "root_group": {
        "name": "",
        "path": "",
        "id": "d41d8cd98f00b204e9800998ecf8427e",
        "groups": {},
        "checks": {
                "status is 200": {
                    "name": "status is 200",
                    "path": "::status is 200",
                    "id": "6210a8cd14cd70477eba5c5e4cb3fb5f",
                    "passes": 8077,
                    "fails": 0
                },
                "content-type is json": {
                    "path": "::content-type is json",
                    "id": "c544ce8ea75d5205f66e0fea6489a1fb",
                    "passes": 8077,
                    "fails": 0,
                    "name": "content-type is json"
                },
                "workloadType is CPU-BOUND": {
                    "name": "workloadType is CPU-BOUND",
                    "path": "::workloadType is CPU-BOUND",
                    "id": "1adc3dbd34c164fc9242debc74fecbd5",
                    "passes": 8077,
                    "fails": 0
                },
                "executionTimeMs exists": {
                    "name": "executionTimeMs exists",
                    "path": "::executionTimeMs exists",
                    "id": "80a08d6da4eb3227ebf3a5e73e014c6f",
                    "passes": 8077,
                    "fails": 0
                }
            }
    },
    "metrics": {
        "http_reqs": {
            "count": 8077,
            "rate": 33.64954888425255
        },
        "http_req_blocked": {
            "min": 0.001912,
            "avg": 0.00464681317320787,
            "med": 0.003429,
            "max": 0.511037,
            "p(90)": 0.0046094000000000005,
            "p(95)": 0.0050701999999999995,
            "p(99)": 0.009402199999999862
        },
        "http_req_tls_handshaking": {
            "max": 0,
            "p(90)": 0,
            "p(95)": 0,
            "p(99)": 0,
            "min": 0,
            "avg": 0,
            "med": 0
        },
        "http_req_waiting": {
            "med": 589.710508,
            "max": 1366.190668,
            "p(90)": 710.5765726,
            "p(95)": 729.3158555999995,
            "p(99)": 830.78350084,
            "min": 56.755745,
            "avg": 522.0449957926203
        },
        "vus_max": {
            "max": 20,
            "value": 20,
            "min": 20
        },
        "http_req_duration": {
            "p(95)": 729.3820335999995,
            "p(99)": 830.83946972,
            "min": 56.823275,
            "avg": 522.1101799279444,
            "med": 589.773355,
            "max": 1366.286821,
            "p(90)": 710.6438398,
            "thresholds": {
                "p(95)<5000": false,
                "p(99)<10000": false
            }
        },
        "http_req_failed": {
            "passes": 0,
            "fails": 8077,
            "thresholds": {
                "rate<0.05": false
            },
            "value": 0
        },
        "http_req_duration{expected_response:true}": {
            "p(99)": 830.83946972,
            "min": 56.823275,
            "avg": 522.1101799279444,
            "med": 589.773355,
            "max": 1366.286821,
            "p(90)": 710.6438398,
            "p(95)": 729.3820335999995
        },
        "http_req_sending": {
            "min": 0.006229,
            "avg": 0.016521434814906547,
            "med": 0.015707,
            "max": 0.429958,
            "p(90)": 0.0180948,
            "p(95)": 0.019118599999999996,
            "p(99)": 0.03966223999999994
        },
        "response_time_ms": {
            "min": 56.823275,
            "avg": 522.1101799279444,
            "med": 589.773355,
            "max": 1366.286821,
            "p(90)": 710.6438398,
            "p(95)": 729.3820335999995,
            "p(99)": 830.83946972
        },
        "checks": {
            "passes": 32308,
            "fails": 0,
            "thresholds": {
                "rate>0.95": false
            },
            "value": 1
        },
        "successful_requests": {
            "count": 8077,
            "rate": 33.64954888425255
        },
        "http_req_connecting": {
            "min": 0,
            "avg": 0.0008418661631793983,
            "med": 0,
            "max": 0.450494,
            "p(90)": 0,
            "p(95)": 0,
            "p(99)": 0
        },
        "iterations": {
            "count": 8077,
            "rate": 33.64954888425255
        },
        "vus": {
            "value": 1,
            "min": 1,
            "max": 20
        },
        "data_received": {
            "rate": 7734.592735904577,
            "count": 1856557
        },
        "iteration_duration": {
            "p(95)": 729.5728935999996,
            "p(99)": 831.00300448,
            "min": 57.011787,
            "avg": 522.2919864783939,
            "med": 589.941422,
            "max": 1366.97838,
            "p(90)": 710.832151
        },
        "data_sent": {
            "count": 646160,
            "rate": 2691.9639107402045
        },
        "http_req_receiving": {
            "p(90)": 0.0578724,
            "p(95)": 0.062275199999999996,
            "p(99)": 0.07249171999999998,
            "min": 0.01872,
            "avg": 0.0486627005076143,
            "med": 0.048236,
            "max": 0.371654
        }
    }
}