{
    "root_group": {
        "path": "",
        "id": "d41d8cd98f00b204e9800998ecf8427e",
        "groups": {},
        "checks": {
                "status is 200": {
                    "id": "6210a8cd14cd70477eba5c5e4cb3fb5f",
                    "passes": 226945,
                    "fails": 0,
                    "name": "status is 200",
                    "path": "::status is 200"
                },
                "content-type is json": {
                    "id": "c544ce8ea75d5205f66e0fea6489a1fb",
                    "passes": 226945,
                    "fails": 0,
                    "name": "content-type is json",
                    "path": "::content-type is json"
                },
                "workloadType is IO-BOUND": {
                    "name": "workloadType is IO-BOUND",
                    "path": "::workloadType is IO-BOUND",
                    "id": "2d06b45980f6a692d0e2ce7d70263fab",
                    "passes": 226945,
                    "fails": 0
                },
                "executionTimeMs exists": {
                    "name": "executionTimeMs exists",
                    "path": "::executionTimeMs exists",
                    "id": "80a08d6da4eb3227ebf3a5e73e014c6f",
                    "passes": 226945,
                    "fails": 0
                }
            },
        "name": ""
    },
    "metrics": {
        "vus": {
            "value": 1,
            "min": 1,
            "max": 150
        },
        "response_time_ms": {
            "p(95)": 152.98265279999998,
            "p(99)": 155.5908892,
            "min": 50.743898,
            "avg": 138.74642467750732,
            "med": 151.681011,
            "max": 173.022669,
            "p(90)": 152.6134698
        },
        "data_sent": {
            "count": 17928655,
            "rate": 74697.08623628957
        },
        "successful_requests": {
            "count": 226945,
            "rate": 945.5327371682224
        },
        "data_received": {
            "count": 50101101,
            "rate": 208738.81849642674
        },
        "http_req_failed": {
            "passes": 0,
            "fails": 226945,
            "thresholds": {
                "rate<0.05": false
            },
            "value": 0
        },
        "http_req_connecting": {
            "min": 0,
            "avg": 0.00020540671528343864,
            "med": 0,
            "max": 0.676714,
            "p(90)": 0,
            "p(95)": 0,
            "p(99)": 0
        },
        "http_req_receiving": {
            "p(95)": 0.045630799999999985,
            "p(99)": 0.20036471999999986,
            "min": 0.012402,
            "avg": 0.03420534317565941,
            "med": 0.029992,
            "max": 18.094114,
            "p(90)": 0.0399826
        },
        "http_req_waiting": {
            "p(99)": 155.47646432000002,
            "min": 50.69363,
            "avg": 138.69793646058972,
            "med": 151.640642,
            "max": 172.718859,
            "p(90)": 152.5710238,
            "p(95)": 152.94040239999998
        },
        "http_req_tls_handshaking": {
            "p(90)": 0,
            "p(95)": 0,
            "p(99)": 0,
            "min": 0,
            "avg": 0,
            "med": 0,
            "max": 0
        },
        "http_req_sending": {
            "p(95)": 0.019191,
            "p(99)": 0.15851239999999978,
            "min": 0.004137,
            "avg": 0.014282873744739848,
            "med": 0.008281,
            "max": 15.287321,
            "p(90)": 0.014348
        },
        "http_req_duration": {
            "p(90)": 152.6134698,
            "p(95)": 152.98265279999998,
            "p(99)": 155.5908892,
            "min": 50.743898,
            "avg": 138.74642467750732,
            "med": 151.681011,
            "max": 173.022669,
            "thresholds": {
                "p(95)<5000": false,
                "p(99)<10000": false
            }
        },
        "http_req_duration{expected_response:true}": {
            "min": 50.743898,
            "avg": 138.74642467750732,
            "med": 151.681011,
            "max": 173.022669,
            "p(90)": 152.6134698,
            "p(95)": 152.98265279999998,
            "p(99)": 155.5908892
        },
        "vus_max": {
            "max": 150,
            "value": 150,
            "min": 150
        },
        "http_reqs": {
            "count": 226945,
            "rate": 945.5327371682224
        },
        "http_req_blocked": {
            "p(99)": 0.01438,
            "min": 0.001302,
            "avg": 0.0031903686928550614,
            "med": 0.002662,
            "max": 0.731154,
            "p(90)": 0.003461,
            "p(95)": 0.004086
        },
        "iteration_duration": {
            "min": 50.878392,
            "avg": 138.88509296063177,
            "med": 151.816894,
            "max": 173.239235,
            "p(90)": 152.7531552,
            "p(95)": 153.1249056,
            "p(99)": 155.7551284
        },
        "iterations": {
            "count": 226945,
            "rate": 945.5327371682224
        },
        "checks": {
            "passes": 907780,
            "fails": 0,
            "thresholds": {
                "rate>0.95": false
            },
            "value": 1
        }
    }
}