{
    "root_group": {
        "checks": {
            "status is 200": {
                "passes": 349994,
                "fails": 0,
                "name": "status is 200",
                "path": "::status is 200",
                "id": "6210a8cd14cd70477eba5c5e4cb3fb5f"
            },
            "content-type is json": {
                "name": "content-type is json",
                "path": "::content-type is json",
                "id": "c544ce8ea75d5205f66e0fea6489a1fb",
                "passes": 349994,
                "fails": 0
            },
            "workloadType is IO-BOUND": {
                "name": "workloadType is IO-BOUND",
                "path": "::workloadType is IO-BOUND",
                "id": "2d06b45980f6a692d0e2ce7d70263fab",
                "passes": 349994,
                "fails": 0
            },
            "executionTimeMs exists": {
                "name": "executionTimeMs exists",
                "path": "::executionTimeMs exists",
                "id": "80a08d6da4eb3227ebf3a5e73e014c6f",
                "passes": 349994,
                "fails": 0
            }
        },
        "name": "",
        "path": "",
        "id": "d41d8cd98f00b204e9800998ecf8427e",
        "groups": {}
    },
    "metrics": {
        "response_time_ms": {
            "min": 50.731539,
            "avg": 282.8254217991205,
            "med": 303.785898,
            "max": 333.026128,
            "p(90)": 305.5191594,
            "p(95)": 306.10298405,
            "p(99)": 310.64222678
        },
        "http_req_connecting": {
            "max": 5.58083,
            "p(90)": 0,
            "p(95)": 0,
            "p(99)": 0,
            "min": 0,
            "avg": 0.00029572359526163297,
            "med": 0
        },
        "vus": {
            "min": 2,
            "max": 300,
            "value": 2
        },
        "http_req_failed": {
            "passes": 0,
            "fails": 349994,
            "thresholds": {
                "rate<0.05": false
            },
            "value": 0
        },
        "http_req_sending": {
            "min": 0.004309,
            "avg": 0.014544835508608928,
            "med": 0.008376,
            "max": 14.698956,
            "p(90)": 0.014347,
            "p(95)": 0.020178,
            "p(99)": 0.13935457000000037
        },
        "checks": {
            "passes": 1399976,
            "fails": 0,
            "thresholds": {
                "rate>0.95": false
            },
            "value": 1
        },
        "vus_max": {
            "min": 300,
            "max": 300,
            "value": 300
        },
        "iterations": {
            "count": 349994,
            "rate": 972.0715940613553
        },
        "data_sent": {
            "count": 27649526,
            "rate": 76793.65593084708
        },
        "data_received": {
            "count": 77295433,
            "rate": 214679.95099908195
        },
        "http_req_receiving": {
            "avg": 0.03444288154939782,
            "med": 0.029908,
            "max": 16.771739,
            "p(90)": 0.040397700000000016,
            "p(95)": 0.04593634999999997,
            "p(99)": 0.1863342600000001,
            "min": 0.012514
        },
        "http_req_tls_handshaking": {
            "min": 0,
            "avg": 0,
            "med": 0,
            "max": 0,
            "p(90)": 0,
            "p(95)": 0,
            "p(99)": 0
        },
        "successful_requests": {
            "count": 349994,
            "rate": 972.0715940613553
        },
        "http_req_duration": {
            "min": 50.731539,
            "avg": 282.8254217991205,
            "med": 303.785898,
            "max": 333.026128,
            "p(90)": 305.5191594,
            "p(95)": 306.10298405,
            "p(99)": 310.64222678,
            "thresholds": {
                "p(95)<5000": false,
                "p(99)<10000": false
            }
        },
        "http_req_duration{expected_response:true}": {
            "p(90)": 305.5191594,
            "p(95)": 306.10298405,
            "p(99)": 310.64222678,
            "min": 50.731539,
            "avg": 282.8254217991205,
            "med": 303.785898,
            "max": 333.026128
        },
        "iteration_duration": {
            "p(99)": 310.79961053,
            "min": 50.843234,
            "avg": 282.9663020444719,
            "med": 303.92373599999996,
            "max": 333.166934,
            "p(90)": 305.6616993,
            "p(95)": 306.24786605
        },
        "http_reqs": {
            "rate": 972.0715940613553,
            "count": 349994
        },
        "http_req_waiting": {
            "avg": 282.77643408206313,
            "med": 303.7448025,
            "max": 332.990309,
            "p(90)": 305.4760143,
            "p(95)": 306.0561349,
            "p(99)": 310.55687725,
            "min": 50.687926
        },
        "http_req_blocked": {
            "min": 0.001304,
            "avg": 0.003307697931964376,
            "med": 0.002664,
            "max": 5.658808,
            "p(90)": 0.003456,
            "p(95)": 0.004073,
            "p(99)": 0.014038280000000028
        }
    }
}