{
    "metrics": {
        "vus_max": {
            "value": 100,
            "min": 100,
            "max": 100
        },
        "checks": {
            "passes": 32480,
            "fails": 0,
            "thresholds": {
                "rate>0.95": false
            },
            "value": 1
        },
        "iterations": {
            "count": 8120,
            "rate": 33.83324459451261
        },
        "http_req_connecting": {
            "p(90)": 0,
            "p(95)": 0,
            "p(99)": 0.29044478999999934,
            "min": 0,
            "avg": 0.004136209729064039,
            "med": 0,
            "max": 1.990286
        },
        "http_req_failed": {
            "passes": 0,
            "fails": 8120,
            "thresholds": {
                "rate<0.05": false
            },
            "value": 0
        },
        "http_req_duration{expected_response:true}": {
            "max": 6272.513371,
            "p(90)": 3193.8833363,
            "p(95)": 3313.70904945,
            "p(99)": 3536.4075835699996,
            "min": 56.810475,
            "avg": 2598.6632657522127,
            "med": 2950.7763400000003
        },
        "data_sent": {
            "count": 649600,
            "rate": 2706.6595675610088
        },
        "http_reqs": {
            "count": 8120,
            "rate": 33.83324459451261
        },
        "http_req_blocked": {
            "p(95)": 0.005176099999999999,
            "p(99)": 0.3454924399999995,
            "min": 0.001844,
            "avg": 0.00823841490147786,
            "med": 0.003143,
            "max": 2.096576,
            "p(90)": 0.004516300000000001
        },
        "response_time_ms": {
            "max": 6272.513371,
            "p(90)": 3193.8833363,
            "p(95)": 3313.70904945,
            "p(99)": 3536.4075835699996,
            "min": 56.810475,
            "avg": 2598.6632657522127,
            "med": 2950.7763400000003
        },
        "data_received": {
            "count": 1866645,
            "rate": 7777.667100507881
        },
        "http_req_duration": {
            "p(95)": 3313.70904945,
            "p(99)": 3536.4075835699996,
            "min": 56.810475,
            "avg": 2598.6632657522127,
            "med": 2950.7763400000003,
            "max": 6272.513371,
            "p(90)": 3193.8833363,
            "thresholds": {
                "p(95)<5000": false,
                "p(99)<10000": false
            }
        },
        "http_req_sending": {
            "max": 0.903304,
            "p(90)": 0.017505200000000002,
            "p(95)": 0.0194831,
            "p(99)": 0.040641719999999944,
            "min": 0.005492,
            "avg": 0.015200241009852173,
            "med": 0.0144415
        },
        "iteration_duration": {
            "min": 56.938943,
            "avg": 2598.835464712313,
            "med": 2950.9352635,
            "max": 6273.203113,
            "p(90)": 3194.0260341,
            "p(95)": 3313.8823458,
            "p(99)": 3536.5622911699998
        },
        "http_req_tls_handshaking": {
            "med": 0,
            "max": 0,
            "p(90)": 0,
            "p(95)": 0,
            "p(99)": 0,
            "min": 0,
            "avg": 0
        },
        "http_req_waiting": {
            "max": 6272.407288,
            "p(90)": 3193.8469955,
            "p(95)": 3313.6427921,
            "p(99)": 3536.3512863,
            "min": 56.754618,
            "avg": 2598.602584068472,
            "med": 2950.716862
        },
        "vus": {
            "value": 1,
            "min": 1,
            "max": 100
        },
        "http_req_receiving": {
            "p(90)": 0.055825900000000005,
            "p(95)": 0.060007149999999995,
            "p(99)": 0.07060991999999998,
            "min": 0.016474,
            "avg": 0.04548144273399007,
            "med": 0.044565,
            "max": 0.37031
        },
        "successful_requests": {
            "rate": 33.83324459451261,
            "count": 8120
        }
    },
    "root_group": {
        "name": "",
        "path": "",
        "id": "d41d8cd98f00b204e9800998ecf8427e",
        "groups": {},
        "checks": {
                "status is 200": {
                    "name": "status is 200",
                    "path": "::status is 200",
                    "id": "6210a8cd14cd70477eba5c5e4cb3fb5f",
                    "passes": 8120,
                    "fails": 0
                },
                "content-type is json": {
                    "name": "content-type is json",
                    "path": "::content-type is json",
                    "id": "c544ce8ea75d5205f66e0fea6489a1fb",
                    "passes": 8120,
                    "fails": 0
                },
                "workloadType is CPU-BOUND": {
                    "fails": 0,
                    "name": "workloadType is CPU-BOUND",
                    "path": "::workloadType is CPU-BOUND",
                    "id": "1adc3dbd34c164fc9242debc74fecbd5",
                    "passes": 8120
                },
                "executionTimeMs exists": {
                    "name": "executionTimeMs exists",
                    "path": "::executionTimeMs exists",
                    "id": "80a08d6da4eb3227ebf3a5e73e014c6f",
                    "passes": 8120,
                    "fails": 0
                }
            }
    }
}