{
    "metrics": {
        "data_received": {
            "count": 1856403,
            "rate": 7733.665285582381
        },
        "iteration_duration": {
            "min": 56.976706,
            "avg": 522.3691218562415,
            "med": 589.9214585,
            "max": 1317.071221,
            "p(90)": 710.6140855,
            "p(95)": 719.05964775,
            "p(99)": 830.7458502500001
        },
        "data_sent": {
            "count": 646080,
            "rate": 2691.531131822705
        },
        "vus_max": {
            "max": 20,
            "value": 20,
            "min": 20
        },
        "response_time_ms": {
            "p(95)": 718.92452025,
            "p(99)": 830.5817235,
            "min": 56.818699,
            "avg": 522.2109050536161,
            "med": 589.7691124999999,
            "max": 1316.310175,
            "p(90)": 710.4421665
        },
        "http_req_connecting": {
            "avg": 0.0008676271669143141,
            "med": 0,
            "max": 0.432942,
            "p(90)": 0,
            "p(95)": 0,
            "p(99)": 0,
            "min": 0
        },
        "http_req_failed": {
            "passes": 0,
            "fails": 8076,
            "thresholds": {
                "rate<0.05": false
            },
            "value": 0
        },
        "http_req_tls_handshaking": {
            "max": 0,
            "p(90)": 0,
            "p(95)": 0,
            "p(99)": 0,
            "min": 0,
            "avg": 0,
            "med": 0
        },
        "http_req_duration{expected_response:true}": {
            "med": 589.7691124999999,
            "max": 1316.310175,
            "p(90)": 710.4421665,
            "p(95)": 718.92452025,
            "p(99)": 830.5817235,
            "min": 56.818699,
            "avg": 522.2109050536161
        },
        "iterations": {
            "count": 8076,
            "rate": 33.64413914778381
        },
        "vus": {
            "value": 1,
            "min": 1,
            "max": 20
        },
        "http_reqs": {
            "count": 8076,
            "rate": 33.64413914778381
        },
        "http_req_receiving": {
            "med": 0.041634,
            "max": 0.307193,
            "p(90)": 0.0534655,
            "p(95)": 0.05696475,
            "p(99)": 0.0678125,
            "min": 0.018186,
            "avg": 0.04320347263496778
        },
        "http_req_duration": {
            "max": 1316.310175,
            "p(90)": 710.4421665,
            "p(95)": 718.92452025,
            "p(99)": 830.5817235,
            "min": 56.818699,
            "avg": 522.2109050536161,
            "med": 589.7691124999999,
            "thresholds": {
                "p(95)<5000": false,
                "p(99)<10000": false
            }
        },
        "checks": {
            "passes": 32304,
            "fails": 0,
            "thresholds": {
                "rate>0.95": false
            },
            "value": 1
        },
        "http_req_blocked": {
            "avg": 0.004315851040118858,
            "med": 0.002976,
            "max": 0.484907,
            "p(90)": 0.004269500000000001,
            "p(95)": 0.004713,
            "p(99)": 0.00726725,
            "min": 0.001845
        },
        "successful_requests": {
            "count": 8076,
            "rate": 33.64413914778381
        },
        "http_req_sending": {
            "min": 0.005473,
            "avg": 0.015264903293709763,
            "med": 0.014472,
            "max": 0.314779,
            "p(90)": 0.017154,
            "p(95)": 0.018215,
            "p(99)": 0.03337225
        },
        "http_req_waiting": {
            "med": 589.7107435,
            "max": 1316.210051,
            "p(90)": 710.3854915,
            "p(95)": 718.86975175,
            "p(99)": 830.52288575,
            "min": 56.762963,
            "avg": 522.1524366776855
        }
    },
    "root_group": {
        "name": "",
        "path": "",
        "id": "d41d8cd98f00b204e9800998ecf8427e",
        "groups": {},
        "checks": {
                "status is 200": {
                    "id": "6210a8cd14cd70477eba5c5e4cb3fb5f",
                    "passes": 8076,
                    "fails": 0,
                    "name": "status is 200",
                    "path": "::status is 200"
                },
                "content-type is json": {
                    "name": "content-type is json",
                    "path": "::content-type is json",
                    "id": "c544ce8ea75d5205f66e0fea6489a1fb",
                    "passes": 8076,
                    "fails": 0
                },
                "workloadType is CPU-BOUND": {
                    "path": "::workloadType is CPU-BOUND",
                    "id": "1adc3dbd34c164fc9242debc74fecbd5",
                    "passes": 8076,
                    "fails": 0,
                    "name": "workloadType is CPU-BOUND"
                },
                "executionTimeMs exists": {
                    "fails": 0,
                    "name": "executionTimeMs exists",
                    "path": "::executionTimeMs exists",
                    "id": "80a08d6da4eb3227ebf3a5e73e014c6f",
                    "passes": 8076
                }
            }
    }
}