{
    "root_group": {
        "path": "",
        "id": "d41d8cd98f00b204e9800998ecf8427e",
        "groups": {},
        "checks": {
                "status is 200": {
                    "fails": 0,
                    "name": "status is 200",
                    "path": "::status is 200",
                    "id": "6210a8cd14cd70477eba5c5e4cb3fb5f",
                    "passes": 8026
                },
                "content-type is json": {
                    "id": "c544ce8ea75d5205f66e0fea6489a1fb",
                    "passes": 8026,
                    "fails": 0,
                    "name": "content-type is json",
                    "path": "::content-type is json"
                },
                "workloadType is CPU-BOUND": {
                    "name": "workloadType is CPU-BOUND",
                    "path": "::workloadType is CPU-BOUND",
                    "id": "1adc3dbd34c164fc9242debc74fecbd5",
                    "passes": 8026,
                    "fails": 0
                },
                "executionTimeMs exists": {
                    "passes": 8026,
                    "fails": 0,
                    "name": "executionTimeMs exists",
                    "path": "::executionTimeMs exists",
                    "id": "80a08d6da4eb3227ebf3a5e73e014c6f"
                }
            },
        "name": ""
    },
    "metrics": {
        "http_req_duration{expected_response:true}": {
            "p(95)": 359.829205,
            "p(99)": 475.334809,
            "min": 56.700899,
            "avg": 263.45972283827535,
            "med": 237.01602400000002,
            "max": 599.16387,
            "p(90)": 356.3532765
        },
        "http_req_tls_handshaking": {
            "p(99)": 0,
            "min": 0,
            "avg": 0,
            "med": 0,
            "max": 0,
            "p(90)": 0,
            "p(95)": 0
        },
        "http_req_sending": {
            "p(95)": 0.017757,
            "p(99)": 0.039654499999999995,
            "min": 0.005697,
            "avg": 0.015603387739845504,
            "med": 0.0143205,
            "max": 0.495282,
            "p(90)": 0.0168725
        },
        "iteration_duration": {
            "p(95)": 359.98151624999997,
            "p(99)": 475.56827125,
            "min": 56.831648,
            "avg": 263.618786256292,
            "med": 237.17540400000001,
            "max": 599.310305,
            "p(90)": 356.51999850000004
        },
        "vus": {
            "value": 1,
            "min": 1,
            "max": 10
        },
        "vus_max": {
            "max": 10,
            "value": 10,
            "min": 10
        },
        "http_req_failed": {
            "passes": 0,
            "fails": 8026,
            "thresholds": {
                "rate<0.05": false
            },
            "value": 0
        },
        "http_req_waiting": {
            "max": 599.11778,
            "p(90)": 356.29458750000003,
            "p(95)": 359.77798075,
            "p(99)": 475.28846575,
            "min": 56.662655,
            "avg": 263.4010078250678,
            "med": 236.956998
        },
        "data_received": {
            "count": 1844613,
            "rate": 7684.326439745769
        },
        "iterations": {
            "count": 8026,
            "rate": 33.434874418319474
        },
        "response_time_ms": {
            "med": 237.01602400000002,
            "max": 599.16387,
            "p(90)": 356.3532765,
            "p(95)": 359.829205,
            "p(99)": 475.334809,
            "min": 56.700899,
            "avg": 263.45972283827535
        },
        "successful_requests": {
            "count": 8026,
            "rate": 33.434874418319474
        },
        "http_reqs": {
            "count": 8026,
            "rate": 33.434874418319474
        },
        "http_req_blocked": {
            "min": 0.001782,
            "avg": 0.00403391415399951,
            "med": 0.003021,
            "max": 1.6229,
            "p(90)": 0.004291,
            "p(95)": 0.00471425,
            "p(99)": 0.00669725
        },
        "http_req_connecting": {
            "avg": 0.0005587694991278346,
            "med": 0,
            "max": 1.510281,
            "p(90)": 0,
            "p(95)": 0,
            "p(99)": 0,
            "min": 0
        },
        "checks": {
            "passes": 32104,
            "fails": 0,
            "thresholds": {
                "rate>0.95": false
            },
            "value": 1
        },
        "data_sent": {
            "count": 642080,
            "rate": 2674.789953465558
        },
        "http_req_receiving": {
            "p(99)": 0.06812750000000001,
            "min": 0.017297,
            "avg": 0.04311162546723137,
            "med": 0.0416985,
            "max": 0.402093,
            "p(90)": 0.0529465,
            "p(95)": 0.056369999999999996
        },
        "http_req_duration": {
            "min": 56.700899,
            "avg": 263.45972283827535,
            "med": 237.01602400000002,
            "max": 599.16387,
            "p(90)": 356.3532765,
            "p(95)": 359.829205,
            "p(99)": 475.334809,
            "thresholds": {
                "p(95)<5000": false,
                "p(99)<10000": false
            }
        }
    }
}