{
    "root_group": {
        "name": "",
        "path": "",
        "id": "d41d8cd98f00b204e9800998ecf8427e",
        "groups": {},
        "checks": {
                "status is 200": {
                    "name": "status is 200",
                    "path": "::status is 200",
                    "id": "6210a8cd14cd70477eba5c5e4cb3fb5f",
                    "passes": 349607,
                    "fails": 0
                },
                "content-type is json": {
                    "name": "content-type is json",
                    "path": "::content-type is json",
                    "id": "c544ce8ea75d5205f66e0fea6489a1fb",
                    "passes": 349607,
                    "fails": 0
                },
                "workloadType is IO-BOUND": {
                    "name": "workloadType is IO-BOUND",
                    "path": "::workloadType is IO-BOUND",
                    "id": "2d06b45980f6a692d0e2ce7d70263fab",
                    "passes": 349607,
                    "fails": 0
                },
                "executionTimeMs exists": {
                    "passes": 349607,
                    "fails": 0,
                    "name": "executionTimeMs exists",
                    "path": "::executionTimeMs exists",
                    "id": "80a08d6da4eb3227ebf3a5e73e014c6f"
                }
            }
    },
    "metrics": {
        "checks": {
            "passes": 1398428,
            "fails": 0,
            "thresholds": {
                "rate>0.95": false
            },
            "value": 1
        },
        "http_req_failed": {
            "passes": 0,
            "fails": 349607,
            "thresholds": {
                "rate<0.05": false
            },
            "value": 0
        },
        "vus": {
            "value": 5,
            "min": 5,
            "max": 500
        },
        "http_req_sending": {
            "min": 0.00409,
            "avg": 0.014332212060971603,
            "med": 0.008384,
            "max": 20.405332,
            "p(90)": 0.014393400000000023,
            "p(95)": 0.01972,
            "p(99)": 0.05679592000000016
        },
        "data_received": {
            "count": 77216519,
            "rate": 214481.96385067166
        },
        "http_req_duration": {
            "max": 547.295206,
            "p(90)": 511.2986012,
            "p(95)": 513.2117409,
            "p(99)": 520.07983748,
            "min": 50.828031,
            "avg": 472.036816067513,
            "med": 510.228134,
            "thresholds": {
                "p(95)<5000": false,
                "p(99)<10000": false
            }
        },
        "http_req_tls_handshaking": {
            "avg": 0,
            "med": 0,
            "max": 0,
            "p(90)": 0,
            "p(95)": 0,
            "p(99)": 0,
            "min": 0
        },
        "http_req_waiting": {
            "min": 50.79138,
            "avg": 471.9902009855493,
            "med": 510.187824,
            "max": 547.232154,
            "p(90)": 511.2579718,
            "p(95)": 513.0819575,
            "p(99)": 520.02075148
        },
        "http_req_receiving": {
            "p(95)": 0.045252700000000014,
            "p(99)": 0.0678256600000001,
            "min": 0.010997,
            "avg": 0.03228286989390909,
            "med": 0.026627,
            "max": 13.246554,
            "p(90)": 0.039675
        },
        "http_req_blocked": {
            "min": 0.001309,
            "avg": 0.0036619557760569476,
            "med": 0.00269,
            "max": 6.567909,
            "p(90)": 0.003571,
            "p(95)": 0.00417,
            "p(99)": 0.014929
        },
        "http_req_connecting": {
            "med": 0,
            "max": 6.47413,
            "p(90)": 0,
            "p(95)": 0,
            "p(99)": 0,
            "min": 0,
            "avg": 0.000558886478245573
        },
        "vus_max": {
            "max": 500,
            "value": 500,
            "min": 500
        },
        "http_req_duration{expected_response:true}": {
            "p(90)": 511.2986012,
            "p(95)": 513.2117409,
            "p(99)": 520.07983748,
            "min": 50.828031,
            "avg": 472.036816067513,
            "med": 510.228134,
            "max": 547.295206
        },
        "iterations": {
            "count": 349607,
            "rate": 971.0926743012304
        },
        "iteration_duration": {
            "max": 547.493794,
            "p(90)": 511.4420634,
            "p(95)": 513.4195549,
            "p(99)": 520.2281852599999,
            "min": 50.943977,
            "avg": 472.1823703648937,
            "med": 510.371318
        },
        "http_reqs": {
            "rate": 971.0926743012304,
            "count": 349607
        },
        "successful_requests": {
            "count": 349607,
            "rate": 971.0926743012304
        },
        "response_time_ms": {
            "p(95)": 513.2117409,
            "p(99)": 520.07983748,
            "min": 50.828031,
            "avg": 472.036816067513,
            "med": 510.228134,
            "max": 547.295206,
            "p(90)": 511.2986012
        },
        "data_sent": {
            "rate": 76716.3212697972,
            "count": 27618953
        }
    }
}