{
    "metrics": {
        "http_req_tls_handshaking": {
            "p(90)": 0,
            "p(95)": 0,
            "p(99)": 0,
            "min": 0,
            "avg": 0,
            "med": 0,
            "max": 0
        },
        "response_time_ms": {
            "max": 660.210283,
            "p(90)": 611.1297336,
            "p(95)": 612.7855678000001,
            "p(99)": 619.9739948,
            "min": 50.731461,
            "avg": 561.9900298785278,
            "med": 607.330724
        },
        "iteration_duration": {
            "p(90)": 611.2747238000001,
            "p(95)": 612.9384312,
            "p(99)": 620.1207315199999,
            "min": 50.826514,
            "avg": 562.131302510211,
            "med": 607.467213,
            "max": 660.333936
        },
        "iterations": {
            "rate": 978.8814950652434,
            "count": 352417
        },
        "http_req_failed": {
            "passes": 0,
            "fails": 352417,
            "thresholds": {
                "rate<0.05": false
            },
            "value": 0
        },
        "http_req_duration{expected_response:true}": {
            "min": 50.731461,
            "avg": 561.9900298785278,
            "med": 607.330724,
            "max": 660.210283,
            "p(90)": 611.1297336,
            "p(95)": 612.7855678000001,
            "p(99)": 619.9739948
        },
        "data_sent": {
            "count": 27840943,
            "rate": 77331.63811015422
        },
        "successful_requests": {
            "rate": 978.8814950652434,
            "count": 352417
        },
        "http_req_sending": {
            "p(90)": 0.014327,
            "p(95)": 0.018049200000000012,
            "p(99)": 0.04591988000000018,
            "min": 0.004217,
            "avg": 0.013784589704809691,
            "med": 0.008471,
            "max": 13.497648
        },
        "http_req_receiving": {
            "max": 11.720604,
            "p(90)": 0.04011,
            "p(95)": 0.04524,
            "p(99)": 0.06221320000000013,
            "min": 0.012244,
            "avg": 0.03325337127607308,
            "med": 0.030678
        },
        "http_req_blocked": {
            "p(99)": 0.014112840000000026,
            "min": 0.001303,
            "avg": 0.003582732124159493,
            "med": 0.00268,
            "max": 6.193442,
            "p(90)": 0.003484,
            "p(95)": 0.004066
        },
        "data_received": {
            "rate": 216204.68422480123,
            "count": 77838029
        },
        "vus": {
            "min": 6,
            "max": 600,
            "value": 6
        },
        "checks": {
            "fails": 0,
            "passes": 1409668,
            "thresholds": {
                "rate>0.95": false
            },
            "value": 1
        },
        "http_reqs": {
            "count": 352417,
            "rate": 978.8814950652434
        },
        "vus_max": {
            "value": 600,
            "min": 600,
            "max": 600
        },
        "http_req_connecting": {
            "p(90)": 0,
            "p(95)": 0,
            "p(99)": 0,
            "min": 0,
            "avg": 0.0005882611168019703,
            "med": 0,
            "max": 6.015451
        },
        "http_req_waiting": {
            "avg": 561.9429919175459,
            "med": 607.289216,
            "max": 660.1638,
            "p(90)": 611.0862342,
            "p(95)": 612.7302354,
            "p(99)": 619.910682,
            "min": 50.704739
        },
        "http_req_duration": {
            "min": 50.731461,
            "avg": 561.9900298785278,
            "med": 607.330724,
            "max": 660.210283,
            "p(90)": 611.1297336,
            "p(95)": 612.7855678000001,
            "p(99)": 619.9739948,
            "thresholds": {
                "p(99)<10000": false,
                "p(95)<5000": false
            }
        }
    },
    "root_group": {
        "name": "",
        "path": "",
        "id": "d41d8cd98f00b204e9800998ecf8427e",
        "groups": {},
        "checks": {
                "status is 200": {
                    "passes": 352417,
                    "fails": 0,
                    "name": "status is 200",
                    "path": "::status is 200",
                    "id": "6210a8cd14cd70477eba5c5e4cb3fb5f"
                },
                "content-type is json": {
                    "name": "content-type is json",
                    "path": "::content-type is json",
                    "id": "c544ce8ea75d5205f66e0fea6489a1fb",
                    "passes": 352417,
                    "fails": 0
                },
                "workloadType is IO-BOUND": {
                    "name": "workloadType is IO-BOUND",
                    "path": "::workloadType is IO-BOUND",
                    "id": "2d06b45980f6a692d0e2ce7d70263fab",
                    "passes": 352417,
                    "fails": 0
                },
                "executionTimeMs exists": {
                    "passes": 352417,
                    "fails": 0,
                    "name": "executionTimeMs exists",
                    "path": "::executionTimeMs exists",
                    "id": "80a08d6da4eb3227ebf3a5e73e014c6f"
                }
            }
    }
}