{
    "root_group": {
        "name": "",
        "path": "",
        "id": "d41d8cd98f00b204e9800998ecf8427e",
        "groups": {},
        "checks": {
                "status is 200": {
                    "name": "status is 200",
                    "path": "::status is 200",
                    "id": "6210a8cd14cd70477eba5c5e4cb3fb5f",
                    "passes": 8076,
                    "fails": 0
                },
                "content-type is json": {
                    "name": "content-type is json",
                    "path": "::content-type is json",
                    "id": "c544ce8ea75d5205f66e0fea6489a1fb",
                    "passes": 8076,
                    "fails": 0
                },
                "workloadType is CPU-BOUND": {
                    "name": "workloadType is CPU-BOUND",
                    "path": "::workloadType is CPU-BOUND",
                    "id": "1adc3dbd34c164fc9242debc74fecbd5",
                    "passes": 8076,
                    "fails": 0
                },
                "executionTimeMs exists": {
                    "passes": 8076,
                    "fails": 0,
                    "name": "executionTimeMs exists",
                    "path": "::executionTimeMs exists",
                    "id": "80a08d6da4eb3227ebf3a5e73e014c6f"
                }
            }
    },
    "metrics": {
        "http_req_duration": {
            "min": 56.707658,
            "avg": 522.1959881433869,
            "med": 589.659523,
            "max": 1272.290504,
            "p(90)": 710.2271865,
            "p(95)": 721.6751957500001,
            "p(99)": 830.98026375,
            "thresholds": {
                "p(95)<5000": false,
                "p(99)<10000": false
            }
        },
        "successful_requests": {
            "count": 8076,
            "rate": 33.64872288249162
        },
        "http_req_connecting": {
            "p(95)": 0,
            "p(99)": 0,
            "min": 0,
            "avg": 0.0007741409113422486,
            "med": 0,
            "max": 0.382725,
            "p(90)": 0
        },
        "http_req_tls_handshaking": {
            "p(99)": 0,
            "min": 0,
            "avg": 0,
            "med": 0,
            "max": 0,
            "p(90)": 0,
            "p(95)": 0
        },
        "data_received": {
            "count": 1856281,
            "rate": 7734.210619246462
        },
        "data_sent": {
            "rate": 2691.8978305993296,
            "count": 646080
        },
        "http_req_duration{expected_response:true}": {
            "avg": 522.1959881433869,
            "med": 589.659523,
            "max": 1272.290504,
            "p(90)": 710.2271865,
            "p(95)": 721.6751957500001,
            "p(99)": 830.98026375,
            "min": 56.707658
        },
        "response_time_ms": {
            "p(95)": 721.6751957500001,
            "p(99)": 830.98026375,
            "min": 56.707658,
            "avg": 522.1959881433869,
            "med": 589.659523,
            "max": 1272.290504,
            "p(90)": 710.2271865
        },
        "http_req_failed": {
            "passes": 0,
            "fails": 8076,
            "thresholds": {
                "rate<0.05": false
            },
            "value": 0
        },
        "checks": {
            "passes": 32304,
            "fails": 0,
            "thresholds": {
                "rate>0.95": false
            },
            "value": 1
        },
        "http_req_blocked": {
            "min": 0.001733,
            "avg": 0.004206442050520068,
            "med": 0.00307,
            "max": 0.4307,
            "p(90)": 0.004344499999999999,
            "p(95)": 0.0047545,
            "p(99)": 0.006146
        },
        "iterations": {
            "rate": 33.64872288249162,
            "count": 8076
        },
        "vus_max": {
            "value": 20,
            "min": 20,
            "max": 20
        },
        "iteration_duration": {
            "p(99)": 831.1589542500001,
            "min": 56.844019,
            "avg": 522.358531323055,
            "med": 589.804146,
            "max": 1272.958764,
            "p(90)": 710.401753,
            "p(95)": 721.8124055000001
        },
        "http_reqs": {
            "count": 8076,
            "rate": 33.64872288249162
        },
        "http_req_waiting": {
            "min": 56.634535,
            "avg": 522.1363377838068,
            "med": 589.591128,
            "max": 1272.189933,
            "p(90)": 710.1668075,
            "p(95)": 721.62300425,
            "p(99)": 830.92671425
        },
        "http_req_sending": {
            "p(95)": 0.018136,
            "p(99)": 0.032795,
            "min": 0.005664,
            "avg": 0.015335802501238272,
            "med": 0.014474,
            "max": 0.45237,
            "p(90)": 0.017167
        },
        "http_req_receiving": {
            "avg": 0.044314557082714215,
            "med": 0.0432655,
            "max": 0.181695,
            "p(90)": 0.054492,
            "p(95)": 0.05823975,
            "p(99)": 0.06755325,
            "min": 0.019399
        },
        "vus": {
            "value": 1,
            "min": 1,
            "max": 20
        }
    }
}