{
    "metrics": {
        "http_req_tls_handshaking": {
            "med": 0,
            "max": 0,
            "p(90)": 0,
            "p(95)": 0,
            "p(99)": 0,
            "min": 0,
            "avg": 0
        },
        "http_req_blocked": {
            "p(95)": 0.004024,
            "p(99)": 0.013824469999999972,
            "min": 0.001314,
            "avg": 0.003245665674438638,
            "med": 0.002645,
            "max": 6.504336,
            "p(90)": 0.003409
        },
        "iteration_duration": {
            "p(95)": 306.29983615,
            "p(99)": 310.77220646,
            "min": 50.837258,
            "avg": 282.9144111437914,
            "med": 303.806487,
            "max": 506.150289,
            "p(90)": 305.7514842
        },
        "checks": {
            "passes": 1400216,
            "fails": 0,
            "thresholds": {
                "rate>0.95": false
            },
            "value": 1
        },
        "http_req_duration{expected_response:true}": {
            "p(99)": 310.60907143,
            "min": 50.720173,
            "avg": 282.7742991365938,
            "med": 303.6705295,
            "max": 506.02755,
            "p(90)": 305.6101347,
            "p(95)": 306.1575499
        },
        "http_reqs": {
            "count": 350054,
            "rate": 972.2503871901018
        },
        "response_time_ms": {
            "avg": 282.7742991365938,
            "med": 303.6705295,
            "max": 506.02755,
            "p(90)": 305.6101347,
            "p(95)": 306.1575499,
            "p(99)": 310.60907143,
            "min": 50.720173
        },
        "vus_max": {
            "max": 300,
            "value": 300,
            "min": 300
        },
        "http_req_duration": {
            "avg": 282.7742991365938,
            "med": 303.6705295,
            "max": 506.02755,
            "p(90)": 305.6101347,
            "p(95)": 306.1575499,
            "p(99)": 310.60907143,
            "min": 50.720173,
            "thresholds": {
                "p(99)<10000": false,
                "p(95)<5000": false
            }
        },
        "http_req_connecting": {
            "p(90)": 0,
            "p(95)": 0,
            "p(99)": 0,
            "min": 0,
            "avg": 0.00029475670610820025,
            "med": 0,
            "max": 6.447189
        },
        "http_req_failed": {
            "passes": 0,
            "fails": 350054,
            "thresholds": {
                "rate<0.05": false
            },
            "value": 0
        },
        "http_req_waiting": {
            "max": 506.002022,
            "p(90)": 305.5678124,
            "p(95)": 306.1137332,
            "p(99)": 310.50768445999995,
            "min": 50.69205,
            "avg": 282.7262920414,
            "med": 303.6302805
        },
        "http_req_receiving": {
            "p(95)": 0.04510934999999998,
            "p(99)": 0.1732705499999982,
            "min": 0.012468,
            "avg": 0.03399145119895811,
            "med": 0.029803,
            "max": 11.062825,
            "p(90)": 0.039769
        },
        "vus": {
            "value": 2,
            "min": 2,
            "max": 300
        },
        "successful_requests": {
            "rate": 972.2503871901018,
            "count": 350054
        },
        "data_sent": {
            "count": 27654266,
            "rate": 76807.78058801804
        },
        "http_req_sending": {
            "min": 0.004095,
            "avg": 0.014015644006353087,
            "med": 0.008319,
            "max": 17.318262,
            "p(90)": 0.014242,
            "p(95)": 0.01981,
            "p(99)": 0.13015351999999955
        },
        "iterations": {
            "count": 350054,
            "rate": 972.2503871901018
        },
        "data_received": {
            "count": 77308584,
            "rate": 214719.15969284312
        }
    },
    "root_group": {
        "checks": {
            "status is 200": {
                "passes": 350054,
                "fails": 0,
                "name": "status is 200",
                "path": "::status is 200",
                "id": "6210a8cd14cd70477eba5c5e4cb3fb5f"
            },
            "content-type is json": {
                "name": "content-type is json",
                "path": "::content-type is json",
                "id": "c544ce8ea75d5205f66e0fea6489a1fb",
                "passes": 350054,
                "fails": 0
            },
            "workloadType is IO-BOUND": {
                "name": "workloadType is IO-BOUND",
                "path": "::workloadType is IO-BOUND",
                "id": "2d06b45980f6a692d0e2ce7d70263fab",
                "passes": 350054,
                "fails": 0
            },
            "executionTimeMs exists": {
                "name": "executionTimeMs exists",
                "path": "::executionTimeMs exists",
                "id": "80a08d6da4eb3227ebf3a5e73e014c6f",
                "passes": 350054,
                "fails": 0
            }
        },
        "name": "",
        "path": "",
        "id": "d41d8cd98f00b204e9800998ecf8427e",
        "groups": {}
    }
}