{
    "metrics": {
        "http_req_duration{expected_response:true}": {
            "med": 607.310923,
            "max": 815.470208,
            "p(90)": 612.448712,
            "p(95)": 613.155116,
            "p(99)": 621.18524764,
            "min": 50.765443,
            "avg": 562.4785613220213
        },
        "http_req_receiving": {
            "min": 0.012999,
            "avg": 0.033712424340190415,
            "med": 0.031099,
            "max": 19.540072,
            "p(90)": 0.041485,
            "p(95)": 0.046853,
            "p(99)": 0.06390792
        },
        "vus_max": {
            "value": 600,
            "min": 600,
            "max": 600
        },
        "iteration_duration": {
            "max": 815.598227,
            "p(90)": 612.5952636,
            "p(95)": 613.3063974,
            "p(99)": 621.33858608,
            "min": 50.878753,
            "avg": 562.6244856945385,
            "med": 607.452044
        },
        "http_req_duration": {
            "avg": 562.4785613220213,
            "med": 607.310923,
            "max": 815.470208,
            "p(90)": 612.448712,
            "p(95)": 613.155116,
            "p(99)": 621.18524764,
            "min": 50.765443,
            "thresholds": {
                "p(95)<5000": false,
                "p(99)<10000": false
            }
        },
        "http_req_blocked": {
            "max": 7.452176,
            "p(90)": 0.003705,
            "p(95)": 0.004316,
            "p(99)": 0.014761,
            "min": 0.001322,
            "avg": 0.003774394880562354,
            "med": 0.002756
        },
        "http_req_failed": {
            "passes": 0,
            "fails": 352109,
            "thresholds": {
                "rate<0.05": false
            },
            "value": 0
        },
        "http_req_connecting": {
            "min": 0,
            "avg": 0.0006318649253498201,
            "med": 0,
            "max": 7.390071,
            "p(90)": 0,
            "p(95)": 0,
            "p(99)": 0
        },
        "http_req_waiting": {
            "med": 607.267036,
            "max": 815.425806,
            "p(90)": 612.407584,
            "p(95)": 613.1098778,
            "p(99)": 621.13384032,
            "min": 50.722858,
            "avg": 562.4305554995043
        },
        "successful_requests": {
            "count": 352109,
            "rate": 978.0756284642578
        },
        "vus": {
            "value": 7,
            "min": 7,
            "max": 600
        },
        "data_received": {
            "count": 77769553,
            "rate": 216025.44787511652
        },
        "iterations": {
            "count": 352109,
            "rate": 978.0756284642578
        },
        "http_req_sending": {
            "min": 0.004193,
            "avg": 0.014293398194877306,
            "med": 0.008773,
            "max": 11.431422,
            "p(90)": 0.01471,
            "p(95)": 0.018838599999999976,
            "p(99)": 0.045322759999999955
        },
        "response_time_ms": {
            "p(90)": 612.448712,
            "p(95)": 613.155116,
            "p(99)": 621.18524764,
            "min": 50.765443,
            "avg": 562.4785613220213,
            "med": 607.310923,
            "max": 815.470208
        },
        "http_reqs": {
            "count": 352109,
            "rate": 978.0756284642578
        },
        "data_sent": {
            "rate": 77267.97464867636,
            "count": 27816611
        },
        "checks": {
            "passes": 1408436,
            "fails": 0,
            "thresholds": {
                "rate>0.95": false
            },
            "value": 1
        },
        "http_req_tls_handshaking": {
            "max": 0,
            "p(90)": 0,
            "p(95)": 0,
            "p(99)": 0,
            "min": 0,
            "avg": 0,
            "med": 0
        }
    },
    "root_group": {
        "id": "d41d8cd98f00b204e9800998ecf8427e",
        "groups": {},
        "checks": {
                "status is 200": {
                    "name": "status is 200",
                    "path": "::status is 200",
                    "id": "6210a8cd14cd70477eba5c5e4cb3fb5f",
                    "passes": 352109,
                    "fails": 0
                },
                "content-type is json": {
                    "name": "content-type is json",
                    "path": "::content-type is json",
                    "id": "c544ce8ea75d5205f66e0fea6489a1fb",
                    "passes": 352109,
                    "fails": 0
                },
                "workloadType is IO-BOUND": {
                    "id": "2d06b45980f6a692d0e2ce7d70263fab",
                    "passes": 352109,
                    "fails": 0,
                    "name": "workloadType is IO-BOUND",
                    "path": "::workloadType is IO-BOUND"
                },
                "executionTimeMs exists": {
                    "fails": 0,
                    "name": "executionTimeMs exists",
                    "path": "::executionTimeMs exists",
                    "id": "80a08d6da4eb3227ebf3a5e73e014c6f",
                    "passes": 352109
                }
            },
        "name": "",
        "path": ""
    }
}