{
    "root_group": {
        "name": "",
        "path": "",
        "id": "d41d8cd98f00b204e9800998ecf8427e",
        "groups": {},
        "checks": {
                "status is 200": {
                    "id": "6210a8cd14cd70477eba5c5e4cb3fb5f",
                    "passes": 8095,
                    "fails": 0,
                    "name": "status is 200",
                    "path": "::status is 200"
                },
                "content-type is json": {
                    "name": "content-type is json",
                    "path": "::content-type is json",
                    "id": "c544ce8ea75d5205f66e0fea6489a1fb",
                    "passes": 8095,
                    "fails": 0
                },
                "workloadType is CPU-BOUND": {
                    "id": "1adc3dbd34c164fc9242debc74fecbd5",
                    "passes": 8095,
                    "fails": 0,
                    "name": "workloadType is CPU-BOUND",
                    "path": "::workloadType is CPU-BOUND"
                },
                "executionTimeMs exists": {
                    "passes": 8095,
                    "fails": 0,
                    "name": "executionTimeMs exists",
                    "path": "::executionTimeMs exists",
                    "id": "80a08d6da4eb3227ebf3a5e73e014c6f"
                }
            }
    },
    "metrics": {
        "iterations": {
            "count": 8095,
            "rate": 33.726910766776065
        },
        "http_req_receiving": {
            "p(95)": 0.0573126,
            "p(99)": 0.06877431999999996,
            "min": 0.017174,
            "avg": 0.044081485731933344,
            "med": 0.042874,
            "max": 0.329896,
            "p(90)": 0.0534002
        },
        "data_sent": {
            "count": 647600,
            "rate": 2698.152861342085
        },
        "data_received": {
            "count": 1860796,
            "rate": 7752.798103418633
        },
        "http_req_blocked": {
            "max": 1.148646,
            "p(90)": 0.004333,
            "p(95)": 0.004778,
            "p(99)": 0.008367439999999912,
            "min": 0.001766,
            "avg": 0.004801039901173557,
            "med": 0.003014
        },
        "vus": {
            "max": 30,
            "value": 1,
            "min": 1
        },
        "http_req_tls_handshaking": {
            "avg": 0,
            "med": 0,
            "max": 0,
            "p(90)": 0,
            "p(95)": 0,
            "p(99)": 0,
            "min": 0
        },
        "vus_max": {
            "value": 30,
            "min": 30,
            "max": 30
        },
        "http_reqs": {
            "count": 8095,
            "rate": 33.726910766776065
        },
        "http_req_sending": {
            "max": 0.309108,
            "p(90)": 0.0171336,
            "p(95)": 0.018145399999999996,
            "p(99)": 0.03518187999999975,
            "min": 0.005349,
            "avg": 0.0152270212476837,
            "med": 0.014568
        },
        "successful_requests": {
            "count": 8095,
            "rate": 33.726910766776065
        },
        "checks": {
            "passes": 32380,
            "fails": 0,
            "thresholds": {
                "rate>0.95": false
            },
            "value": 1
        },
        "http_req_failed": {
            "passes": 0,
            "fails": 8095,
            "thresholds": {
                "rate<0.05": false
            },
            "value": 0
        },
        "http_req_connecting": {
            "max": 1.070696,
            "p(90)": 0,
            "p(95)": 0,
            "p(99)": 0,
            "min": 0,
            "avg": 0.001286987893761581,
            "med": 0
        },
        "http_req_waiting": {
            "p(90)": 956.8930096,
            "p(95)": 1180.6587074,
            "p(99)": 1301.25150012,
            "min": 56.749729,
            "avg": 780.9826820029652,
            "med": 828.783952,
            "max": 2017.367525
        },
        "response_time_ms": {
            "p(90)": 956.9584068,
            "p(95)": 1180.7227404999999,
            "p(99)": 1301.32677984,
            "min": 56.795132,
            "avg": 781.0419905099477,
            "med": 828.845571,
            "max": 2017.45575
        },
        "iteration_duration": {
            "max": 2018.109573,
            "p(90)": 957.1404972,
            "p(95)": 1180.8939685,
            "p(99)": 1301.51124558,
            "min": 56.941484,
            "avg": 781.2053208180346,
            "med": 829.008832
        },
        "http_req_duration": {
            "p(99)": 1301.32677984,
            "min": 56.795132,
            "avg": 781.0419905099477,
            "med": 828.845571,
            "max": 2017.45575,
            "p(90)": 956.9584068,
            "p(95)": 1180.7227404999999,
            "thresholds": {
                "p(95)<5000": false,
                "p(99)<10000": false
            }
        },
        "http_req_duration{expected_response:true}": {
            "min": 56.795132,
            "avg": 781.0419905099477,
            "med": 828.845571,
            "max": 2017.45575,
            "p(90)": 956.9584068,
            "p(95)": 1180.7227404999999,
            "p(99)": 1301.32677984
        }
    }
}