{
    "root_group": {
        "path": "",
        "id": "d41d8cd98f00b204e9800998ecf8427e",
        "groups": {},
        "checks": {
                "status is 200": {
                    "name": "status is 200",
                    "path": "::status is 200",
                    "id": "6210a8cd14cd70477eba5c5e4cb3fb5f",
                    "passes": 230194,
                    "fails": 0
                },
                "content-type is json": {
                    "passes": 230194,
                    "fails": 0,
                    "name": "content-type is json",
                    "path": "::content-type is json",
                    "id": "c544ce8ea75d5205f66e0fea6489a1fb"
                },
                "workloadType is IO-BOUND": {
                    "name": "workloadType is IO-BOUND",
                    "path": "::workloadType is IO-BOUND",
                    "id": "2d06b45980f6a692d0e2ce7d70263fab",
                    "passes": 230194,
                    "fails": 0
                },
                "executionTimeMs exists": {
                    "passes": 230194,
                    "fails": 0,
                    "name": "executionTimeMs exists",
                    "path": "::executionTimeMs exists",
                    "id": "80a08d6da4eb3227ebf3a5e73e014c6f"
                }
            },
        "name": ""
    },
    "metrics": {
        "response_time_ms": {
            "p(95)": 255.71431249999998,
            "p(99)": 260.31100184,
            "min": 50.717136,
            "avg": 228.05515833338572,
            "med": 253.2606735,
            "max": 276.827337,
            "p(90)": 255.2684179
        },
        "vus": {
            "value": 2,
            "min": 2,
            "max": 250
        },
        "http_req_tls_handshaking": {
            "p(90)": 0,
            "p(95)": 0,
            "p(99)": 0,
            "min": 0,
            "avg": 0,
            "med": 0,
            "max": 0
        },
        "http_req_sending": {
            "avg": 0.015331401044336515,
            "med": 0.008216,
            "max": 12.933619,
            "p(90)": 0.014287,
            "p(95)": 0.020161349999999974,
            "p(99)": 0.17027865000000067,
            "min": 0.004202
        },
        "data_received": {
            "count": 50830674,
            "rate": 211757.47609056413
        },
        "http_req_connecting": {
            "med": 0,
            "max": 3.08911,
            "p(90)": 0,
            "p(95)": 0,
            "p(99)": 0,
            "min": 0,
            "avg": 0.0003813501828892148
        },
        "http_req_blocked": {
            "med": 0.002658,
            "max": 3.152531,
            "p(90)": 0.003424,
            "p(95)": 0.004043,
            "p(99)": 0.014363070000000007,
            "min": 0.001311,
            "avg": 0.003382238459733897
        },
        "vus_max": {
            "min": 250,
            "max": 250,
            "value": 250
        },
        "iterations": {
            "count": 230194,
            "rate": 958.9741117969696
        },
        "http_req_waiting": {
            "p(95)": 255.67256135,
            "p(99)": 260.195636,
            "min": 50.677409,
            "avg": 228.00492543839252,
            "med": 253.219323,
            "max": 276.509914,
            "p(90)": 255.2282385
        },
        "data_sent": {
            "count": 18185326,
            "rate": 75758.9548319606
        },
        "http_req_duration": {
            "med": 253.2606735,
            "max": 276.827337,
            "p(90)": 255.2684179,
            "p(95)": 255.71431249999998,
            "p(99)": 260.31100184,
            "min": 50.717136,
            "avg": 228.05515833338572,
            "thresholds": {
                "p(95)<5000": false,
                "p(99)<10000": false
            }
        },
        "checks": {
            "fails": 0,
            "passes": 920776,
            "thresholds": {
                "rate>0.95": false
            },
            "value": 1
        },
        "iteration_duration": {
            "min": 50.850603,
            "avg": 228.19583955215293,
            "med": 253.398596,
            "max": 277.132507,
            "p(90)": 255.4074866,
            "p(95)": 255.85506494999998,
            "p(99)": 260.48087001
        },
        "http_reqs": {
            "count": 230194,
            "rate": 958.9741117969696
        },
        "http_req_failed": {
            "passes": 0,
            "fails": 230194,
            "thresholds": {
                "rate<0.05": false
            },
            "value": 0
        },
        "http_req_receiving": {
            "p(90)": 0.039731,
            "p(95)": 0.045375,
            "p(99)": 0.27121772000000066,
            "min": 0.010998,
            "avg": 0.0349014939572702,
            "med": 0.028554,
            "max": 13.26808
        },
        "http_req_duration{expected_response:true}": {
            "min": 50.717136,
            "avg": 228.05515833338572,
            "med": 253.2606735,
            "max": 276.827337,
            "p(90)": 255.2684179,
            "p(95)": 255.71431249999998,
            "p(99)": 260.31100184
        },
        "successful_requests": {
            "count": 230194,
            "rate": 958.9741117969696
        }
    }
}