{
    "root_group": {
        "groups": {},
        "checks": {
                "status is 200": {
                    "path": "::status is 200",
                    "id": "6210a8cd14cd70477eba5c5e4cb3fb5f",
                    "passes": 8106,
                    "fails": 0,
                    "name": "status is 200"
                },
                "content-type is json": {
                    "name": "content-type is json",
                    "path": "::content-type is json",
                    "id": "c544ce8ea75d5205f66e0fea6489a1fb",
                    "passes": 8106,
                    "fails": 0
                },
                "workloadType is CPU-BOUND": {
                    "name": "workloadType is CPU-BOUND",
                    "path": "::workloadType is CPU-BOUND",
                    "id": "1adc3dbd34c164fc9242debc74fecbd5",
                    "passes": 8106,
                    "fails": 0
                },
                "executionTimeMs exists": {
                    "passes": 8106,
                    "fails": 0,
                    "name": "executionTimeMs exists",
                    "path": "::executionTimeMs exists",
                    "id": "80a08d6da4eb3227ebf3a5e73e014c6f"
                }
            },
        "name": "",
        "path": "",
        "id": "d41d8cd98f00b204e9800998ecf8427e"
    },
    "metrics": {
        "data_sent": {
            "rate": 2701.4412659794157,
            "count": 648480
        },
        "http_req_failed": {
            "passes": 0,
            "fails": 8106,
            "thresholds": {
                "rate<0.05": false
            },
            "value": 0
        },
        "http_req_waiting": {
            "med": 1182.547298,
            "max": 2780.070434,
            "p(90)": 1410.5317225,
            "p(95)": 1420.33102275,
            "p(99)": 1539.4149373999999,
            "min": 56.670298,
            "avg": 1039.5382747295832
        },
        "http_req_sending": {
            "p(95)": 0.01925925,
            "p(99)": 0.0377934,
            "min": 0.006006,
            "avg": 0.016053864174685413,
            "med": 0.0155065,
            "max": 0.679307,
            "p(90)": 0.018129
        },
        "http_req_duration": {
            "p(90)": 1410.6053514999999,
            "p(95)": 1420.42984175,
            "p(99)": 1539.47758395,
            "min": 56.748268,
            "avg": 1039.6041972246499,
            "med": 1182.6105324999999,
            "max": 2780.179536,
            "thresholds": {
                "p(95)<5000": false,
                "p(99)<10000": false
            }
        },
        "http_req_receiving": {
            "p(95)": 0.064955,
            "p(99)": 0.07506045,
            "min": 0.018869,
            "avg": 0.04986863089069827,
            "med": 0.049378,
            "max": 0.37626,
            "p(90)": 0.059998
        },
        "data_received": {
            "count": 1863370,
            "rate": 7762.436176579176
        },
        "response_time_ms": {
            "p(99)": 1539.47758395,
            "min": 56.748268,
            "avg": 1039.6041972246499,
            "med": 1182.6105324999999,
            "max": 2780.179536,
            "p(90)": 1410.6053514999999,
            "p(95)": 1420.42984175
        },
        "iterations": {
            "count": 8106,
            "rate": 33.7680158247427
        },
        "checks": {
            "passes": 32424,
            "fails": 0,
            "thresholds": {
                "rate>0.95": false
            },
            "value": 1
        },
        "http_reqs": {
            "count": 8106,
            "rate": 33.7680158247427
        },
        "vus_max": {
            "value": 40,
            "min": 40,
            "max": 40
        },
        "http_req_tls_handshaking": {
            "med": 0,
            "max": 0,
            "p(90)": 0,
            "p(95)": 0,
            "p(99)": 0,
            "min": 0,
            "avg": 0
        },
        "iteration_duration": {
            "min": 56.92638,
            "avg": 1039.7868436246004,
            "med": 1182.7947319999998,
            "max": 2780.851689,
            "p(90)": 1410.7834355,
            "p(95)": 1420.63855775,
            "p(99)": 1539.62657855
        },
        "vus": {
            "value": 1,
            "min": 1,
            "max": 40
        },
        "http_req_blocked": {
            "med": 0.003479,
            "max": 0.422595,
            "p(90)": 0.004706,
            "p(95)": 0.005302,
            "p(99)": 0.01062255,
            "min": 0.001939,
            "avg": 0.005500157537626471
        },
        "http_req_connecting": {
            "min": 0,
            "avg": 0.0015673176659264738,
            "med": 0,
            "max": 0.368351,
            "p(90)": 0,
            "p(95)": 0,
            "p(99)": 0
        },
        "successful_requests": {
            "count": 8106,
            "rate": 33.7680158247427
        },
        "http_req_duration{expected_response:true}": {
            "min": 56.748268,
            "avg": 1039.6041972246499,
            "med": 1182.6105324999999,
            "max": 2780.179536,
            "p(90)": 1410.6053514999999,
            "p(95)": 1420.42984175,
            "p(99)": 1539.47758395
        }
    }
}