{
    "root_group": {
        "path": "",
        "id": "d41d8cd98f00b204e9800998ecf8427e",
        "groups": {},
        "checks": {
                "status is 200": {
                    "path": "::status is 200",
                    "id": "6210a8cd14cd70477eba5c5e4cb3fb5f",
                    "passes": 225302,
                    "fails": 0,
                    "name": "status is 200"
                },
                "content-type is json": {
                    "name": "content-type is json",
                    "path": "::content-type is json",
                    "id": "c544ce8ea75d5205f66e0fea6489a1fb",
                    "passes": 225302,
                    "fails": 0
                },
                "workloadType is IO-BOUND": {
                    "name": "workloadType is IO-BOUND",
                    "path": "::workloadType is IO-BOUND",
                    "id": "2d06b45980f6a692d0e2ce7d70263fab",
                    "passes": 225302,
                    "fails": 0
                },
                "executionTimeMs exists": {
                    "name": "executionTimeMs exists",
                    "path": "::executionTimeMs exists",
                    "id": "80a08d6da4eb3227ebf3a5e73e014c6f",
                    "passes": 225302,
                    "fails": 0
                }
            },
        "name": ""
    },
    "metrics": {
        "http_req_connecting": {
            "p(90)": 0,
            "p(95)": 0,
            "p(99)": 0,
            "min": 0,
            "avg": 0.0002234929561211175,
            "med": 0,
            "max": 1.707241
        },
        "http_req_tls_handshaking": {
            "med": 0,
            "max": 0,
            "p(90)": 0,
            "p(95)": 0,
            "p(99)": 0,
            "min": 0,
            "avg": 0
        },
        "response_time_ms": {
            "min": 50.800798,
            "avg": 139.75962095586846,
            "med": 152.84574400000002,
            "max": 357.478255,
            "p(90)": 153.5608277,
            "p(95)": 153.8684646,
            "p(99)": 157.69760118
        },
        "data_sent": {
            "count": 17798858,
            "rate": 74145.99629636695
        },
        "http_req_waiting": {
            "min": 50.763022,
            "avg": 139.7108830247714,
            "med": 152.8073175,
            "max": 357.451996,
            "p(90)": 153.5207177,
            "p(95)": 153.8231949,
            "p(99)": 157.51524188999997
        },
        "data_received": {
            "count": 49739904,
            "rate": 207205.13292289022
        },
        "checks": {
            "passes": 901208,
            "fails": 0,
            "thresholds": {
                "rate>0.95": false
            },
            "value": 1
        },
        "http_req_duration": {
            "p(90)": 153.5608277,
            "p(95)": 153.8684646,
            "p(99)": 157.69760118,
            "min": 50.800798,
            "avg": 139.75962095586846,
            "med": 152.84574400000002,
            "max": 357.478255,
            "thresholds": {
                "p(95)<5000": false,
                "p(99)<10000": false
            }
        },
        "http_req_duration{expected_response:true}": {
            "min": 50.800798,
            "avg": 139.75962095586846,
            "med": 152.84574400000002,
            "max": 357.478255,
            "p(90)": 153.5608277,
            "p(95)": 153.8684646,
            "p(99)": 157.69760118
        },
        "http_req_blocked": {
            "med": 0.002613,
            "max": 2.62159,
            "p(90)": 0.003401,
            "p(95)": 0.004048,
            "p(99)": 0.014741979999999981,
            "min": 0.001277,
            "avg": 0.003217909894275247
        },
        "iteration_duration": {
            "p(90)": 153.6974491,
            "p(95)": 154.00565305,
            "p(99)": 157.87708304,
            "min": 50.916931,
            "avg": 139.89944096659806,
            "med": 152.98341299999998,
            "max": 357.589718
        },
        "vus_max": {
            "value": 150,
            "min": 150,
            "max": 150
        },
        "iterations": {
            "count": 225302,
            "rate": 938.5569151438855
        },
        "vus": {
            "value": 1,
            "min": 1,
            "max": 150
        },
        "http_req_receiving": {
            "med": 0.025435,
            "max": 12.13186,
            "p(90)": 0.038646,
            "p(95)": 0.04487,
            "p(99)": 0.30005709999999913,
            "min": 0.011057,
            "avg": 0.03383381637535391
        },
        "http_req_sending": {
            "max": 9.012564,
            "p(90)": 0.014219,
            "p(95)": 0.02027594999999998,
            "p(99)": 0.18312460999999966,
            "min": 0.003818,
            "avg": 0.014904114721574,
            "med": 0.007998
        },
        "successful_requests": {
            "count": 225302,
            "rate": 938.5569151438855
        },
        "http_req_failed": {
            "passes": 0,
            "fails": 225302,
            "thresholds": {
                "rate<0.05": false
            },
            "value": 0
        },
        "http_reqs": {
            "count": 225302,
            "rate": 938.5569151438855
        }
    }
}