{
    "metrics": {
        "data_sent": {
            "rate": 77105.13697482272,
            "count": 27759099
        },
        "iterations": {
            "count": 351381,
            "rate": 976.0143920863635
        },
        "http_req_failed": {
            "passes": 0,
            "fails": 351381,
            "thresholds": {
                "rate<0.05": false
            },
            "value": 0
        },
        "http_reqs": {
            "count": 351381,
            "rate": 976.0143920863635
        },
        "http_req_receiving": {
            "med": 0.030858,
            "max": 10.271858,
            "p(90)": 0.041494,
            "p(95)": 0.047015,
            "p(99)": 0.07574340000000038,
            "min": 0.011572,
            "avg": 0.03447702423010862
        },
        "http_req_blocked": {
            "min": 0.001275,
            "avg": 0.0035582556939616396,
            "med": 0.002708,
            "max": 13.75026,
            "p(90)": 0.003637,
            "p(95)": 0.004219,
            "p(99)": 0.014149200000000011
        },
        "successful_requests": {
            "count": 351381,
            "rate": 976.0143920863635
        },
        "response_time_ms": {
            "min": 50.723684,
            "avg": 375.66076444057313,
            "med": 404.745103,
            "max": 430.901756,
            "p(90)": 406.999285,
            "p(95)": 408.00043,
            "p(99)": 413.20731
        },
        "iteration_duration": {
            "p(95)": 408.151553,
            "p(99)": 413.371925,
            "min": 50.860078,
            "avg": 375.8042577112411,
            "med": 404.884848,
            "max": 431.084086,
            "p(90)": 407.146122
        },
        "http_req_tls_handshaking": {
            "p(90)": 0,
            "p(95)": 0,
            "p(99)": 0,
            "min": 0,
            "avg": 0,
            "med": 0,
            "max": 0
        },
        "http_req_duration": {
            "max": 430.901756,
            "p(90)": 406.999285,
            "p(95)": 408.00043,
            "p(99)": 413.20731,
            "min": 50.723684,
            "avg": 375.66076444057313,
            "med": 404.745103,
            "thresholds": {
                "p(95)<5000": false,
                "p(99)<10000": false
            }
        },
        "http_req_duration{expected_response:true}": {
            "med": 404.745103,
            "max": 430.901756,
            "p(90)": 406.999285,
            "p(95)": 408.00043,
            "p(99)": 413.20731,
            "min": 50.723684,
            "avg": 375.66076444057313
        },
        "http_req_connecting": {
            "avg": 0.0005067685019964086,
            "med": 0,
            "max": 13.598504,
            "p(90)": 0,
            "p(95)": 0,
            "p(99)": 0,
            "min": 0
        },
        "data_received": {
            "count": 77605803,
            "rate": 215561.97016178758
        },
        "http_req_waiting": {
            "max": 430.49248,
            "p(90)": 406.951139,
            "p(95)": 407.952913,
            "p(99)": 413.1281136,
            "min": 50.677749,
            "avg": 375.6117126199295,
            "med": 404.702713
        },
        "vus": {
            "value": 3,
            "min": 3,
            "max": 400
        },
        "http_req_sending": {
            "p(99)": 0.06702660000000009,
            "min": 0.004075,
            "avg": 0.014574796414718507,
            "med": 0.008556,
            "max": 19.358224,
            "p(90)": 0.014591,
            "p(95)": 0.019682
        },
        "checks": {
            "passes": 1405524,
            "fails": 0,
            "thresholds": {
                "rate>0.95": false
            },
            "value": 1
        },
        "vus_max": {
            "value": 400,
            "min": 400,
            "max": 400
        }
    },
    "root_group": {
        "id": "d41d8cd98f00b204e9800998ecf8427e",
        "groups": {},
        "checks": {
                "status is 200": {
                    "fails": 0,
                    "name": "status is 200",
                    "path": "::status is 200",
                    "id": "6210a8cd14cd70477eba5c5e4cb3fb5f",
                    "passes": 351381
                },
                "content-type is json": {
                    "path": "::content-type is json",
                    "id": "c544ce8ea75d5205f66e0fea6489a1fb",
                    "passes": 351381,
                    "fails": 0,
                    "name": "content-type is json"
                },
                "workloadType is IO-BOUND": {
                    "path": "::workloadType is IO-BOUND",
                    "id": "2d06b45980f6a692d0e2ce7d70263fab",
                    "passes": 351381,
                    "fails": 0,
                    "name": "workloadType is IO-BOUND"
                },
                "executionTimeMs exists": {
                    "path": "::executionTimeMs exists",
                    "id": "80a08d6da4eb3227ebf3a5e73e014c6f",
                    "passes": 351381,
                    "fails": 0,
                    "name": "executionTimeMs exists"
                }
            },
        "name": "",
        "path": ""
    }
}